passage_id,collection,sutta_id,segment_count,segments,pali_chars,sujato_chars,thanissaro_chars,bodhi_chars
an10.13:1,AN,an10.13,6,an10.13:1.1 an10.13:1.2 an10.13:1.3 an10.13:1.4 an10.13:1.5 an10.13:1.6,265,273,254,275
an10.15:1,AN,an10.15,2,an10.15:1.1 an10.15:1.2,317,423,405,452
an10.15:2,AN,an10.15,2,an10.15:2.1 an10.15:2.2,292,282,322,330
an10.15:3,AN,an10.15,2,an10.15:3.1 an10.15:3.2,250,274,320,318
an10.15:7,AN,an10.15,2,an10.15:7.1 an10.15:7.2,162,145,165,143
an10.15:8,AN,an10.15,2,an10.15:8.1 an10.15:8.2,165,162,178,175
an10.15:9,AN,an10.15,2,an10.15:9.1 an10.15:9.2,198,191,203,171
an10.17:1,AN,an10.17,7,an10.17:1.1 an10.17:1.2 an10.17:1.3 an10.17:1.4 an10.17:1.5 an10.17:1.6 an10.17:1.7,399,427,520,444
an10.17:2,AN,an10.17,3,an10.17:2.1 an10.17:2.2 an10.17:2.3,403,453,543,516
an10.17:3,AN,an10.17,3,an10.17:3.1 an10.17:3.2 an10.17:3.3,190,120,206,189
an10.18:10,AN,an10.18,4,an10.18:10.1 an10.18:10.2 an10.18:10.3 an10.18:10.4,505,443,691,589
an10.18:11,AN,an10.18,4,an10.18:11.1 an10.18:11.2 an10.18:11.3 an10.18:11.4,443,460,685,653
an10.18:2,AN,an10.18,8,an10.18:2.1 an10.18:2.2 an10.18:2.3 an10.18:2.4 an10.18:2.5 an10.18:2.6 an10.18:2.7 an10.18:2.8,627,679,1029,761
an10.18:4,AN,an10.18,4,an10.18:4.1 an10.18:4.2 an10.18:4.3 an10.18:4.4,419,372,559,442
an10.18:5,AN,an10.18,4,an10.18:5.1 an10.18:5.2 an10.18:5.3 an10.18:5.4,489,449,659,597
an10.18:6,AN,an10.18,4,an10.18:6.1 an10.18:6.2 an10.18:6.3 an10.18:6.4,605,492,808,608
an10.18:7,AN,an10.18,4,an10.18:7.1 an10.18:7.2 an10.18:7.3 an10.18:7.4,453,429,671,575
an10.18:8,AN,an10.18,4,an10.18:8.1 an10.18:8.2 an10.18:8.3 an10.18:8.4,613,525,827,609
an10.18:9,AN,an10.18,4,an10.18:9.1 an10.18:9.2 an10.18:9.3 an10.18:9.4,481,422,701,533
an10.20:1,AN,an10.20,2,an10.20:1.1 an10.20:1.2,115,144,140,173
an10.20:10,AN,an10.20,3,an10.20:10.1 an10.20:10.2 an10.20:10.3,299,331,335,355
an10.20:11,AN,an10.20,3,an10.20:11.1 an10.20:11.2 an10.20:11.3,210,161,197,173
an10.20:2,AN,an10.20,3,an10.20:2.1 an10.20:2.2 an10.20:2.3,306,426,494,451
an10.20:3,AN,an10.20,3,an10.20:3.1 an10.20:3.2 an10.20:3.3,264,222,243,229
an10.20:4,AN,an10.20,8,an10.20:4.1 an10.20:4.2 an10.20:4.3 an10.20:4.4 an10.20:4.5 an10.20:4.6 an10.20:4.7 an10.20:4.8,417,470,497,559
an10.20:5,AN,an10.20,3,an10.20:5.1 an10.20:5.2 an10.20:5.3,155,148,165,153
an10.20:6,AN,an10.20,3,an10.20:6.1 an10.20:6.2 an10.20:6.3,220,206,223,237
an10.20:7,AN,an10.20,5,an10.20:7.1 an10.20:7.2 an10.20:7.3 an10.20:7.4 an10.20:7.5,621,682,748,733
an10.20:8,AN,an10.20,3,an10.20:8.1 an10.20:8.2 an10.20:8.3,215,220,260,253
an10.20:9,AN,an10.20,3,an10.20:9.1 an10.20:9.2 an10.20:9.3,215,185,227,206
an10.24:1,AN,an10.24,5,an10.24:1.1 an10.24:1.2 an10.24:1.3 an10.24:1.4 an10.24:1.5,217,203,204,225
an10.24:10,AN,an10.24,6,an10.24:10.1 an10.24:10.2 an10.24:10.3 an10.24:10.4 an10.24:10.5 an10.24:10.6,562,488,620,379
an10.24:2,AN,an10.24,22,an10.24:2.1 an10.24:2.2 an10.24:2.3 an10.24:2.4 an10.24:2.5 an10.24:2.6 an10.24:2.7 an10.24:2.8 an10.24:2.9 an10.24:2.10 an10.24:2.11 an10.24:2.12 an10.24:2.13 an10.24:2.14 an10.24:2.15 an10.24:2.16 an10.24:2.17 an10.24:2.18 an10.24:2.19 an10.24:2.20 an10.24:2.21 an10.24:2.22,602,693,677,700
an10.24:3,AN,an10.24,22,an10.24:3.1 an10.24:3.2 an10.24:3.3 an10.24:3.4 an10.24:3.5 an10.24:3.6 an10.24:3.7 an10.24:3.8 an10.24:3.9 an10.24:3.10 an10.24:3.11 an10.24:3.12 an10.24:3.13 an10.24:3.14 an10.24:3.15 an10.24:3.16 an10.24:3.17 an10.24:3.18 an10.24:3.19 an10.24:3.20 an10.24:3.21 an10.24:3.22,619,704,666,724
an10.24:5,AN,an10.24,6,an10.24:5.1 an10.24:5.2 an10.24:5.3 an10.24:5.4 an10.24:5.5 an10.24:5.6,570,488,652,381
an10.24:9,AN,an10.24,22,an10.24:9.1 an10.24:9.2 an10.24:9.3 an10.24:9.4 an10.24:9.5 an10.24:9.6 an10.24:9.7 an10.24:9.8 an10.24:9.9 an10.24:9.10 an10.24:9.11 an10.24:9.12 an10.24:9.13 an10.24:9.14 an10.24:9.15 an10.24:9.16 an10.24:9.17 an10.24:9.18 an10.24:9.19 an10.24:9.20 an10.24:9.21 an10.24:9.22,674,770,667,705
an10.29:1,AN,an10.29,4,an10.29:1.1 an10.29:1.2 an10.29:1.3 an10.29:1.4,323,325,430,400
an10.29:10,AN,an10.29,5,an10.29:10.1 an10.29:10.2 an10.29:10.3 an10.29:10.4 an10.29:10.5,477,498,601,639
an10.29:11,AN,an10.29,5,an10.29:11.1 an10.29:11.2 an10.29:11.3 an10.29:11.4 an10.29:11.5,482,525,638,557
an10.29:12,AN,an10.29,5,an10.29:12.1 an10.29:12.2 an10.29:12.3 an10.29:12.4 an10.29:12.5,550,498,596,520
an10.29:13,AN,an10.29,6,an10.29:13.1 an10.29:13.2 an10.29:13.3 an10.29:13.4 an10.29:13.5 an10.29:13.6,537,558,671,614
an10.29:14,AN,an10.29,6,an10.29:14.1 an10.29:14.2 an10.29:14.3 an10.29:14.4 an10.29:14.5 an10.29:14.6,461,461,616,579
an10.29:15,AN,an10.29,7,an10.29:15.1 an10.29:15.2 an10.29:15.3 an10.29:15.4 an10.29:15.5 an10.29:15.6 an10.29:15.7,211,239,249,322
an10.29:16,AN,an10.29,5,an10.29:16.1 an10.29:16.2 an10.29:16.3 an10.29:16.4 an10.29:16.5,334,338,445,425
an10.29:17,AN,an10.29,7,an10.29:17.1 an10.29:17.2 an10.29:17.3 an10.29:17.4 an10.29:17.5 an10.29:17.6 an10.29:17.7,207,295,303,299
an10.29:18,AN,an10.29,5,an10.29:18.1 an10.29:18.2 an10.29:18.3 an10.29:18.4 an10.29:18.5,344,383,474,448
an10.29:2,AN,an10.29,6,an10.29:2.1 an10.29:2.2 an10.29:2.3 an10.29:2.4 an10.29:2.5 an10.29:2.6,757,928,1117,1051
an10.29:20,AN,an10.29,7,an10.29:20.1 an10.29:20.2 an10.29:20.3 an10.29:20.4 an10.29:20.5 an10.29:20.6 an10.29:20.7,512,630,724,642
an10.29:3,AN,an10.29,7,an10.29:3.1 an10.29:3.2 an10.29:3.3 an10.29:3.4 an10.29:3.5 an10.29:3.6 an10.29:3.7,502,572,605,634
an10.29:4,AN,an10.29,13,an10.29:4.1 an10.29:4.2 an10.29:4.3 an10.29:4.4 an10.29:4.5 an10.29:4.6 an10.29:4.7 an10.29:4.8 an10.29:4.9 an10.29:4.10 an10.29:4.11 an10.29:4.12 an10.29:4.13,465,631,398,371
an10.29:5,AN,an10.29,5,an10.29:5.1 an10.29:5.2 an10.29:5.3 an10.29:5.4 an10.29:5.5,371,425,508,466
an10.29:6,AN,an10.29,5,an10.29:6.1 an10.29:6.2 an10.29:6.3 an10.29:6.4 an10.29:6.5,218,240,254,251
an10.29:7,AN,an10.29,3,an10.29:7.1 an10.29:7.2 an10.29:7.3,161,184,193,191
an10.29:8,AN,an10.29,3,an10.29:8.1 an10.29:8.2 an10.29:8.3,161,185,195,190
an10.29:9,AN,an10.29,3,an10.29:9.1 an10.29:9.2 an10.29:9.3,164,188,201,195
an10.51:1,AN,an10.51,5,an10.51:1.1 an10.51:1.2 an10.51:1.3 an10.51:1.4 an10.51:1.5,196,207,230,221
an10.51:3,AN,an10.51,6,an10.51:3.1 an10.51:3.2 an10.51:3.3 an10.51:3.4 an10.51:3.5 an10.51:3.6,1277,866,832,1064
an10.51:4,AN,an10.51,4,an10.51:4.1 an10.51:4.2 an10.51:4.3 an10.51:4.4,918,711,784,806
an10.54:2,AN,an10.54,6,an10.54:2.1 an10.54:2.2 an10.54:2.3 an10.54:2.4 an10.54:2.5 an10.54:2.6,693,635,799,631
an10.54:5,AN,an10.54,6,an10.54:5.1 an10.54:5.2 an10.54:5.3 an10.54:5.4 an10.54:5.5 an10.54:5.6,776,613,847,648
an10.54:6,AN,an10.54,2,an10.54:6.1 an10.54:6.2,237,200,300,255
an10.58:1,AN,an10.58,3,an10.58:1.1 an10.58:1.2 an10.58:1.3,603,528,702,701
an10.58:2,AN,an10.58,3,an10.58:2.1 an10.58:2.2 an10.58:2.3,146,122,142,124
an10.59:1,AN,an10.59,4,an10.59:1.1 an10.59:1.2 an10.59:1.3 an10.59:1.4,743,687,1050,1094
an10.60:1,AN,an10.60,3,an10.60:1.1 an10.60:1.2 an10.60:1.3,321,259,347,293
an10.60:10,AN,an10.60,4,an10.60:10.1 an10.60:10.2 an10.60:10.3 an10.60:10.4,267,368,366,360
an10.60:11,AN,an10.60,3,an10.60:11.1 an10.60:11.2 an10.60:11.3,196,304,302,320
an10.60:12,AN,an10.60,3,an10.60:12.1 an10.60:12.2 an10.60:12.3,162,218,237,242
an10.60:13,AN,an10.60,20,an10.60:13.1 an10.60:13.2 an10.60:13.3 an10.60:13.4 an10.60:13.5 an10.60:13.6 an10.60:13.7 an10.60:13.8 an10.60:13.9 an10.60:13.10 an10.60:13.11 an10.60:13.12 an10.60:13.13 an10.60:13.14 an10.60:13.15 an10.60:13.16 an10.60:13.17 an10.60:13.18 an10.60:13.19 an10.60:13.20,1367,2507,1814,1759
an10.60:14,AN,an10.60,1,an10.60:14.1,192,152,159,168
an10.60:2,AN,an10.60,3,an10.60:2.1 an10.60:2.2 an10.60:2.3,332,281,300,312
an10.60:3,AN,an10.60,2,an10.60:3.1 an10.60:3.2,178,210,360,411
an10.60:4,AN,an10.60,5,an10.60:4.1 an10.60:4.2 an10.60:4.3 an10.60:4.4 an10.60:4.5,297,363,426,431
an10.60:5,AN,an10.60,5,an10.60:5.1 an10.60:5.2 an10.60:5.3 an10.60:5.4 an10.60:5.5,400,417,573,558
an10.60:6,AN,an10.60,5,an10.60:6.1 an10.60:6.2 an10.60:6.3 an10.60:6.4 an10.60:6.5,482,590,668,639
an10.60:7,AN,an10.60,6,an10.60:7.1 an10.60:7.2 an10.60:7.3 an10.60:7.4 an10.60:7.5 an10.60:7.6,802,983,1000,1029
an10.60:8,AN,an10.60,3,an10.60:8.1 an10.60:8.2 an10.60:8.3,450,326,635,418
an10.61:1,AN,an10.61,2,an10.61:1.1 an10.61:1.2,180,209,255,210
an10.61:2,AN,an10.61,24,an10.61:2.1 an10.61:2.2 an10.61:2.3 an10.61:2.4 an10.61:2.5 an10.61:2.6 an10.61:2.7 an10.61:2.8 an10.61:2.9 an10.61:2.10 an10.61:2.11 an10.61:2.12 an10.61:2.13 an10.61:2.14 an10.61:2.15 an10.61:2.16 an10.61:2.17 an10.61:2.18 an10.61:2.19 an10.61:2.20 an10.61:2.21 an10.61:2.22 an10.61:2.23 an10.61:2.24,1024,1466,1328,1374
an10.61:3,AN,an10.61,2,an10.61:3.1 an10.61:3.2,501,530,579,711
an10.61:4,AN,an10.61,2,an10.61:4.1 an10.61:4.2,449,390,485,463
an10.61:7,AN,an10.61,2,an10.61:7.1 an10.61:7.2,558,585,495,833
an10.7:1,AN,an10.7,2,an10.7:1.1 an10.7:1.2,240,190,222,213
an10.7:2,AN,an10.7,1,an10.7:2.1,480,664,475,766
an10.7:4,AN,an10.7,3,an10.7:4.1 an10.7:4.2 an10.7:4.3,702,710,516,860
an3.10:1,AN,an3.10,6,an3.10:1.1 an3.10:1.2 an3.10:1.3 an3.10:1.4 an3.10:1.5 an3.10:1.6,371,402,526,459
an3.12:5,AN,an3.12,2,an3.12:5.1 an3.12:5.2,300,238,300,233
an3.15:1,AN,an3.15,5,an3.15:1.1 an3.15:1.2 an3.15:1.3 an3.15:1.4 an3.15:1.5,183,195,190,213
an3.15:2,AN,an3.15,16,an3.15:2.1 an3.15:2.2 an3.15:2.3 an3.15:2.4 an3.15:2.5 an3.15:2.6 an3.15:2.7 an3.15:2.8 an3.15:2.9 an3.15:2.10 an3.15:2.11 an3.15:2.12 an3.15:2.13 an3.15:2.14 an3.15:2.15 an3.15:2.16,1206,1158,1162,1104
an3.15:3,AN,an3.15,4,an3.15:3.1 an3.15:3.2 an3.15:3.3 an3.15:3.4,356,342,369,301
an3.15:5,AN,an3.15,7,an3.15:5.1 an3.15:5.2 an3.15:5.3 an3.15:5.4 an3.15:5.5 an3.15:5.6 an3.15:5.7,718,584,856,696
an3.15:6,AN,an3.15,1,an3.15:6.1,281,208,325,234
an3.1:3,AN,an3.1,4,an3.1:3.1 an3.1:3.2 an3.1:3.3 an3.1:3.4,228,230,304,335
an3.20:1,AN,an3.20,7,an3.20:1.1 an3.20:1.2 an3.20:1.3 an3.20:1.4 an3.20:1.5 an3.20:1.6 an3.20:1.7,412,428,485,441
an3.20:2,AN,an3.20,3,an3.20:2.1 an3.20:2.2 an3.20:2.3,156,149,144,147
an3.20:3,AN,an3.20,7,an3.20:3.1 an3.20:3.2 an3.20:3.3 an3.20:3.4 an3.20:3.5 an3.20:3.6 an3.20:3.7,559,584,595,557
an3.20:4,AN,an3.20,6,an3.20:4.1 an3.20:4.2 an3.20:4.3 an3.20:4.4 an3.20:4.5 an3.20:4.6,516,475,525,414
an3.20:5,AN,an3.20,3,an3.20:5.1 an3.20:5.2 an3.20:5.3,259,302,283,287
an3.22:1,AN,an3.22,3,an3.22:1.1 an3.22:1.2 an3.22:1.3,331,203,368,231
an3.22:3,AN,an3.22,1,an3.22:3.1,195,164,161,246
an3.22:4,AN,an3.22,3,an3.22:4.1 an3.22:4.2 an3.22:4.3,434,319,558,463
an3.22:5,AN,an3.22,3,an3.22:5.1 an3.22:5.2 an3.22:5.3,357,295,411,357
an3.22:6,AN,an3.22,1,an3.22:6.1,263,193,271,237
an3.24:1,AN,an3.24,4,an3.24:1.1 an3.24:1.2 an3.24:1.3 an3.24:1.4,239,222,234,211
an3.24:2,AN,an3.24,2,an3.24:2.1 an3.24:2.2,297,276,262,282
an3.24:3,AN,an3.24,3,an3.24:3.1 an3.24:3.2 an3.24:3.3,277,337,306,331
an3.2:1,AN,an3.2,5,an3.2:1.1 an3.2:1.2 an3.2:1.3 an3.2:1.4 an3.2:1.5,268,276,385,349
an3.2:2,AN,an3.2,4,an3.2:2.1 an3.2:2.2 an3.2:2.3 an3.2:2.4,190,168,228,220
an3.30:4,AN,an3.30,4,an3.30:4.1 an3.30:4.2 an3.30:4.3 an3.30:4.4,95,130,106,116
an3.30:5,AN,an3.30,4,an3.30:5.1 an3.30:5.2 an3.30:5.3 an3.30:5.4,95,107,102,116
an3.30:6,AN,an3.30,4,an3.30:6.1 an3.30:6.2 an3.30:6.3 an3.30:6.4,94,137,103,135
an3.30:8,AN,an3.30,4,an3.30:8.1 an3.30:8.2 an3.30:8.3 an3.30:8.4,94,132,119,105
an3.32:4,AN,an3.32,4,an3.32:4.1 an3.32:4.2 an3.32:4.3 an3.32:4.4,493,639,716,717
an3.33:1,AN,an3.33,8,an3.33:1.1 an3.33:1.2 an3.33:1.3 an3.33:1.4 an3.33:1.5 an3.33:1.6 an3.33:1.7 an3.33:1.8,565,436,589,585
an3.33:2,AN,an3.33,3,an3.33:2.1 an3.33:2.2 an3.33:2.3,376,419,468,553
an3.33:3,AN,an3.33,4,an3.33:3.1 an3.33:3.2 an3.33:3.3 an3.33:3.4,499,612,593,679
an3.33:4,AN,an3.33,4,an3.33:4.1 an3.33:4.2 an3.33:4.3 an3.33:4.4,94,122,112,113
an3.34:1,AN,an3.34,3,an3.34:1.1 an3.34:1.2 an3.34:1.3,172,145,228,225
an3.34:10,AN,an3.34,1,an3.34:10.1,184,234,292,269
an3.34:11,AN,an3.34,6,an3.34:11.1 an3.34:11.2 an3.34:11.3 an3.34:11.4 an3.34:11.5 an3.34:11.6,526,603,855,738
an3.34:13,AN,an3.34,6,an3.34:13.1 an3.34:13.2 an3.34:13.3 an3.34:13.4 an3.34:13.5 an3.34:13.6,143,170,137,203
an3.34:2,AN,an3.34,2,an3.34:2.1 an3.34:2.2,256,254,290,302
an3.34:5,AN,an3.34,5,an3.34:5.1 an3.34:5.2 an3.34:5.3 an3.34:5.4 an3.34:5.5,513,504,561,562
an3.34:6,AN,an3.34,4,an3.34:6.1 an3.34:6.2 an3.34:6.3 an3.34:6.4,327,345,392,389
an3.34:9,AN,an3.34,1,an3.34:9.1,184,212,292,259
an3.35:3,AN,an3.35,9,an3.35:3.1 an3.35:3.2 an3.35:3.3 an3.35:3.4 an3.35:3.5 an3.35:3.6 an3.35:3.7 an3.35:3.8 an3.35:3.9,606,709,729,696
an3.35:4,AN,an3.35,3,an3.35:4.1 an3.35:4.2 an3.35:4.3,206,194,228,191
an3.35:8,AN,an3.35,4,an3.35:8.1 an3.35:8.2 an3.35:8.3 an3.35:8.4,92,128,122,128
an3.39:10,AN,an3.39,4,an3.39:10.1 an3.39:10.2 an3.39:10.3 an3.39:10.4,95,114,120,124
an3.39:2,AN,an3.39,3,an3.39:2.1 an3.39:2.2 an3.39:2.3,403,422,471,452
an3.39:3,AN,an3.39,4,an3.39:3.1 an3.39:3.2 an3.39:3.3 an3.39:3.4,490,521,575,531
an3.39:4,AN,an3.39,3,an3.39:4.1 an3.39:4.2 an3.39:4.3,412,461,485,475
an3.39:5,AN,an3.39,3,an3.39:5.1 an3.39:5.2 an3.39:5.3,408,446,472,469
an3.39:7,AN,an3.39,3,an3.39:7.1 an3.39:7.2 an3.39:7.3,197,119,228,196
an3.39:8,AN,an3.39,4,an3.39:8.1 an3.39:8.2 an3.39:8.3 an3.39:8.4,97,134,205,107
an3.39:9,AN,an3.39,4,an3.39:9.1 an3.39:9.2 an3.39:9.3 an3.39:9.4,91,134,183,131
an3.40:1,AN,an3.40,14,an3.40:1.1 an3.40:1.2 an3.40:1.3 an3.40:1.4 an3.40:1.5 an3.40:1.6 an3.40:1.7 an3.40:1.8 an3.40:1.9 an3.40:1.10 an3.40:1.11 an3.40:1.12 an3.40:1.13 an3.40:1.14,1067,1203,1445,1310
an3.40:3,AN,an3.40,14,an3.40:3.1 an3.40:3.2 an3.40:3.3 an3.40:3.4 an3.40:3.5 an3.40:3.6 an3.40:3.7 an3.40:3.8 an3.40:3.9 an3.40:3.10 an3.40:3.11 an3.40:3.12 an3.40:3.13 an3.40:3.14,1140,1381,1518,1416
an3.40:4,AN,an3.40,4,an3.40:4.1 an3.40:4.2 an3.40:4.3 an3.40:4.4,95,133,138,145
an3.40:5,AN,an3.40,4,an3.40:5.1 an3.40:5.2 an3.40:5.3 an3.40:5.4,93,102,163,104
an3.40:6,AN,an3.40,6,an3.40:6.1 an3.40:6.2 an3.40:6.3 an3.40:6.4 an3.40:6.5 an3.40:6.6,190,305,291,312
an3.48:1,AN,an3.48,4,an3.48:1.1 an3.48:1.2 an3.48:1.3 an3.48:1.4,261,294,433,309
an3.48:2,AN,an3.48,4,an3.48:2.1 an3.48:2.2 an3.48:2.3 an3.48:2.4,237,201,372,327
an3.48:3,AN,an3.48,4,an3.48:3.1 an3.48:3.2 an3.48:3.3 an3.48:3.4,94,117,128,126
an3.51:1,AN,an3.51,5,an3.51:1.1 an3.51:1.2 an3.51:1.3 an3.51:1.4 an3.51:1.5,548,644,621,596
an3.51:2,AN,an3.51,4,an3.51:2.1 an3.51:2.2 an3.51:2.3 an3.51:2.4,396,323,463,495
an3.51:3,AN,an3.51,4,an3.51:3.1 an3.51:3.2 an3.51:3.3 an3.51:3.4,121,144,166,176
an3.52:4,AN,an3.52,4,an3.52:4.1 an3.52:4.2 an3.52:4.3 an3.52:4.4,88,113,123,116
an3.57:2,AN,an3.57,9,an3.57:2.1 an3.57:2.2 an3.57:2.3 an3.57:2.4 an3.57:2.5 an3.57:2.6 an3.57:2.7 an3.57:2.8 an3.57:2.9,533,480,646,660
an3.5:1,AN,an3.5,4,an3.5:1.1 an3.5:1.2 an3.5:1.3 an3.5:1.4,310,308,371,366
an3.60:1,AN,an3.60,6,an3.60:1.1 an3.60:1.2 an3.60:1.3 an3.60:1.4 an3.60:1.5 an3.60:1.6,656,684,782,706
an3.60:10,AN,an3.60,3,an3.60:10.1 an3.60:10.2 an3.60:10.3,242,257,343,328
an3.60:11,AN,an3.60,3,an3.60:11.1 an3.60:11.2 an3.60:11.3,306,277,460,426
an3.60:12,AN,an3.60,4,an3.60:12.1 an3.60:12.2 an3.60:12.3 an3.60:12.4,476,413,417,599
an3.60:13,AN,an3.60,6,an3.60:13.1 an3.60:13.2 an3.60:13.3 an3.60:13.4 an3.60:13.5 an3.60:13.6,409,387,445,376
an3.60:14,AN,an3.60,4,an3.60:14.1 an3.60:14.2 an3.60:14.3 an3.60:14.4,307,174,339,253
an3.60:16,AN,an3.60,3,an3.60:16.1 an3.60:16.2 an3.60:16.3,301,280,358,236
an3.60:17,AN,an3.60,7,an3.60:17.1 an3.60:17.2 an3.60:17.3 an3.60:17.4 an3.60:17.5 an3.60:17.6 an3.60:17.7,611,753,790,707
an3.60:18,AN,an3.60,7,an3.60:18.1 an3.60:18.2 an3.60:18.3 an3.60:18.4 an3.60:18.5 an3.60:18.6 an3.60:18.7,551,634,715,601
an3.60:19,AN,an3.60,4,an3.60:19.1 an3.60:19.2 an3.60:19.3 an3.60:19.4,385,401,349,361
an3.60:2,AN,an3.60,7,an3.60:2.1 an3.60:2.2 an3.60:2.3 an3.60:2.4 an3.60:2.5 an3.60:2.6 an3.60:2.7,697,819,921,935
an3.60:3,AN,an3.60,3,an3.60:3.1 an3.60:3.2 an3.60:3.3,233,227,285,279
an3.60:4,AN,an3.60,5,an3.60:4.1 an3.60:4.2 an3.60:4.3 an3.60:4.4 an3.60:4.5,343,295,345,346
an3.60:5,AN,an3.60,8,an3.60:5.1 an3.60:5.2 an3.60:5.3 an3.60:5.4 an3.60:5.5 an3.60:5.6 an3.60:5.7 an3.60:5.8,466,361,403,397
an3.60:7,AN,an3.60,9,an3.60:7.1 an3.60:7.2 an3.60:7.3 an3.60:7.4 an3.60:7.5 an3.60:7.6 an3.60:7.7 an3.60:7.8 an3.60:7.9,725,696,879,651
an3.60:8,AN,an3.60,6,an3.60:8.1 an3.60:8.2 an3.60:8.3 an3.60:8.4 an3.60:8.5 an3.60:8.6,698,759,795,814
an3.60:9,AN,an3.60,4,an3.60:9.1 an3.60:9.2 an3.60:9.3 an3.60:9.4,192,263,299,273
an3.61:13,AN,an3.61,6,an3.61:13.1 an3.61:13.2 an3.61:13.3 an3.61:13.4 an3.61:13.5 an3.61:13.6,533,566,769,727
an3.61:14,AN,an3.61,3,an3.61:14.1 an3.61:14.2 an3.61:14.3,317,401,366,357
an3.61:15,AN,an3.61,14,an3.61:15.1 an3.61:15.2 an3.61:15.3 an3.61:15.4 an3.61:15.5 an3.61:15.6 an3.61:15.7 an3.61:15.8 an3.61:15.9 an3.61:15.10 an3.61:15.11 an3.61:15.12 an3.61:15.13 an3.61:15.14,481,753,915,764
an3.61:16,AN,an3.61,14,an3.61:16.1 an3.61:16.2 an3.61:16.3 an3.61:16.4 an3.61:16.5 an3.61:16.6 an3.61:16.7 an3.61:16.8 an3.61:16.9 an3.61:16.10 an3.61:16.11 an3.61:16.12 an3.61:16.13 an3.61:16.14,564,760,1021,938
an3.61:3,AN,an3.61,3,an3.61:3.1 an3.61:3.2 an3.61:3.3,374,420,460,530
an3.61:8,AN,an3.61,1,an3.61:8.1,154,142,174,177
an3.61:9,AN,an3.61,6,an3.61:9.1 an3.61:9.2 an3.61:9.3 an3.61:9.4 an3.61:9.5 an3.61:9.6,780,558,904,646
an3.62:1,AN,an3.62,6,an3.62:1.1 an3.62:1.2 an3.62:1.3 an3.62:1.4 an3.62:1.5 an3.62:1.6,465,360,493,467
an3.62:2,AN,an3.62,5,an3.62:2.1 an3.62:2.2 an3.62:2.3 an3.62:2.4 an3.62:2.5,454,293,435,432
an3.62:3,AN,an3.62,4,an3.62:3.1 an3.62:3.2 an3.62:3.3 an3.62:3.4,424,388,451,565
an3.62:4,AN,an3.62,6,an3.62:4.1 an3.62:4.2 an3.62:4.3 an3.62:4.4 an3.62:4.5 an3.62:4.6,554,378,554,577
an3.62:5,AN,an3.62,5,an3.62:5.1 an3.62:5.2 an3.62:5.3 an3.62:5.4 an3.62:5.5,499,306,496,487
an3.62:6,AN,an3.62,4,an3.62:6.1 an3.62:6.2 an3.62:6.3 an3.62:6.4,500,407,546,657
an3.62:7,AN,an3.62,7,an3.62:7.1 an3.62:7.2 an3.62:7.3 an3.62:7.4 an3.62:7.5 an3.62:7.6 an3.62:7.7,277,338,379,383
an3.62:8,AN,an3.62,4,an3.62:8.1 an3.62:8.2 an3.62:8.3 an3.62:8.4,196,200,252,233
an3.62:9,AN,an3.62,5,an3.62:9.1 an3.62:9.2 an3.62:9.3 an3.62:9.4 an3.62:9.5,226,252,299,258
an3.63:1,AN,an3.63,8,an3.63:1.1 an3.63:1.2 an3.63:1.3 an3.63:1.4 an3.63:1.5 an3.63:1.6 an3.63:1.7 an3.63:1.8,795,991,1053,1072
an3.63:11,AN,an3.63,2,an3.63:11.1 an3.63:11.2,175,166,172,170
an3.63:2,AN,an3.63,1,an3.63:2.1,480,341,563,482
an3.63:5,AN,an3.63,4,an3.63:5.1 an3.63:5.2 an3.63:5.3 an3.63:5.4,323,358,333,364
an4.10:10,AN,an4.10,4,an4.10:10.1 an4.10:10.2 an4.10:10.3 an4.10:10.4,91,159,124,125
an4.10:9,AN,an4.10,4,an4.10:9.1 an4.10:9.2 an4.10:9.3 an4.10:9.4,90,129,111,116
an4.18:1,AN,an4.18,4,an4.18:1.1 an4.18:1.2 an4.18:1.3 an4.18:1.4,204,227,249,242
an4.1:1,AN,an4.1,6,an4.1:1.1 an4.1:1.2 an4.1:1.3 an4.1:1.4 an4.1:1.5 an4.1:1.6,186,211,201,220
an4.1:4,AN,an4.1,4,an4.1:4.1 an4.1:4.2 an4.1:4.3 an4.1:4.4,91,118,108,128
an4.24:1,AN,an4.24,5,an4.24:1.1 an4.24:1.2 an4.24:1.3 an4.24:1.4 an4.24:1.5,169,185,175,199
an4.24:2,AN,an4.24,1,an4.24:2.1,190,219,244,234
an4.24:5,AN,an4.24,1,an4.24:5.1,84,108,160,215
an4.24:7,AN,an4.24,6,an4.24:7.1 an4.24:7.2 an4.24:7.3 an4.24:7.4 an4.24:7.5 an4.24:7.6,602,908,907,953
an4.24:8,AN,an4.24,4,an4.24:8.1 an4.24:8.2 an4.24:8.3 an4.24:8.4,130,176,163,194
an4.28:1,AN,an4.28,5,an4.28:1.1 an4.28:1.2 an4.28:1.3 an4.28:1.4 an4.28:1.5,660,806,932,908
an4.28:4,AN,an4.28,4,an4.28:4.1 an4.28:4.2 an4.28:4.3 an4.28:4.4,490,594,673,610
an4.28:5,AN,an4.28,6,an4.28:5.1 an4.28:5.2 an4.28:5.3 an4.28:5.4 an4.28:5.5 an4.28:5.6,421,351,493,427
an4.28:6,AN,an4.28,4,an4.28:6.1 an4.28:6.2 an4.28:6.3 an4.28:6.4,91,201,179,196
an4.31:1,AN,an4.31,4,an4.31:1.1 an4.31:1.2 an4.31:1.3 an4.31:1.4,449,444,558,415
an4.32:1,AN,an4.32,4,an4.32:1.1 an4.32:1.2 an4.32:1.3 an4.32:1.4,157,166,175,218
an4.32:2,AN,an4.32,6,an4.32:2.1 an4.32:2.2 an4.32:2.3 an4.32:2.4 an4.32:2.5 an4.32:2.6,146,203,215,190
an4.32:3,AN,an4.32,4,an4.32:3.1 an4.32:3.2 an4.32:3.3 an4.32:3.4,92,149,165,160
an4.33:1,AN,an4.33,9,an4.33:1.1 an4.33:1.2 an4.33:1.3 an4.33:1.4 an4.33:1.5 an4.33:1.6 an4.33:1.7 an4.33:1.8 an4.33:1.9,791,678,891,776
an4.33:2,AN,an4.33,8,an4.33:2.1 an4.33:2.2 an4.33:2.3 an4.33:2.4 an4.33:2.5 an4.33:2.6 an4.33:2.7 an4.33:2.8,814,1086,1019,1158
an4.33:3,AN,an4.33,4,an4.33:3.1 an4.33:3.2 an4.33:3.3 an4.33:3.4,93,123,145,142
an4.33:4,AN,an4.33,4,an4.33:4.1 an4.33:4.2 an4.33:4.3 an4.33:4.4,99,144,135,142
an4.34:1,AN,an4.34,5,an4.34:1.1 an4.34:1.2 an4.34:1.3 an4.34:1.4 an4.34:1.5,339,473,465,530
an4.34:2,AN,an4.34,3,an4.34:2.1 an4.34:2.2 an4.34:2.3,190,215,257,289
an4.34:3,AN,an4.34,3,an4.34:3.1 an4.34:3.2 an4.34:3.3,283,405,451,443
an4.34:4,AN,an4.34,4,an4.34:4.1 an4.34:4.2 an4.34:4.3 an4.34:4.4,374,568,420,582
an4.34:5,AN,an4.34,4,an4.34:5.1 an4.34:5.2 an4.34:5.3 an4.34:5.4,96,157,130,147
an4.34:6,AN,an4.34,4,an4.34:6.1 an4.34:6.2 an4.34:6.3 an4.34:6.4,94,126,135,156
an4.34:7,AN,an4.34,4,an4.34:7.1 an4.34:7.2 an4.34:7.3 an4.34:7.4,100,124,124,162
an4.35:1,AN,an4.35,3,an4.35:1.1 an4.35:1.2 an4.35:1.3,322,320,390,332
an4.35:2,AN,an4.35,9,an4.35:2.1 an4.35:2.2 an4.35:2.3 an4.35:2.4 an4.35:2.5 an4.35:2.6 an4.35:2.7 an4.35:2.8 an4.35:2.9,718,691,801,816
an4.35:6,AN,an4.35,6,an4.35:6.1 an4.35:6.2 an4.35:6.3 an4.35:6.4 an4.35:6.5 an4.35:6.6,142,205,160,208
an4.36:1,AN,an4.36,9,an4.36:1.1 an4.36:1.2 an4.36:1.3 an4.36:1.4 an4.36:1.5 an4.36:1.6 an4.36:1.7 an4.36:1.8 an4.36:1.9,835,788,912,949
an4.36:2,AN,an4.36,8,an4.36:2.1 an4.36:2.2 an4.36:2.3 an4.36:2.4 an4.36:2.5 an4.36:2.6 an4.36:2.7 an4.36:2.8,327,219,235,271
an4.36:4,AN,an4.36,5,an4.36:4.1 an4.36:4.2 an4.36:4.3 an4.36:4.4 an4.36:4.5,611,596,763,808
an4.37:1,AN,an4.37,3,an4.37:1.1 an4.37:1.2 an4.37:1.3,228,230,286,274
an4.37:2,AN,an4.37,3,an4.37:2.1 an4.37:2.2 an4.37:2.3,254,314,328,322
an4.37:3,AN,an4.37,10,an4.37:3.1 an4.37:3.2 an4.37:3.3 an4.37:3.4 an4.37:3.5 an4.37:3.6 an4.37:3.7 an4.37:3.8 an4.37:3.9 an4.37:3.10,757,910,1023,929
an4.37:4,AN,an4.37,4,an4.37:4.1 an4.37:4.2 an4.37:4.3 an4.37:4.4,423,463,533,519
an4.37:5,AN,an4.37,7,an4.37:5.1 an4.37:5.2 an4.37:5.3 an4.37:5.4 an4.37:5.5 an4.37:5.6 an4.37:5.7,621,703,925,785
an4.37:6,AN,an4.37,4,an4.37:6.1 an4.37:6.2 an4.37:6.3 an4.37:6.4,96,113,132,111
an4.37:7,AN,an4.37,4,an4.37:7.1 an4.37:7.2 an4.37:7.3 an4.37:7.4,90,150,119,124
an4.38:1,AN,an4.38,6,an4.38:1.1 an4.38:1.2 an4.38:1.3 an4.38:1.4 an4.38:1.5 an4.38:1.6,705,864,890,892
an4.38:4,AN,an4.38,4,an4.38:4.1 an4.38:4.2 an4.38:4.3 an4.38:4.4,309,395,422,392
an4.38:5,AN,an4.38,4,an4.38:5.1 an4.38:5.2 an4.38:5.3 an4.38:5.4,89,183,149,149
an4.38:6,AN,an4.38,4,an4.38:6.1 an4.38:6.2 an4.38:6.3 an4.38:6.4,90,146,144,142
an4.52:1,AN,an4.52,5,an4.52:1.1 an4.52:1.2 an4.52:1.3 an4.52:1.4 an4.52:1.5,552,603,755,611
an4.52:2,AN,an4.52,3,an4.52:2.1 an4.52:2.2 an4.52:2.3,340,307,457,281
an4.52:3,AN,an4.52,3,an4.52:3.1 an4.52:3.2 an4.52:3.3,553,526,762,523
an4.52:4,AN,an4.52,3,an4.52:4.1 an4.52:4.2 an4.52:4.3,508,495,615,466
an4.52:5,AN,an4.52,4,an4.52:5.1 an4.52:5.2 an4.52:5.3 an4.52:5.4,96,140,135,142
an4.52:6,AN,an4.52,4,an4.52:6.1 an4.52:6.2 an4.52:6.3 an4.52:6.4,93,113,108,148
an4.53:1,AN,an4.53,5,an4.53:1.1 an4.53:1.2 an4.53:1.3 an4.53:1.4 an4.53:1.5,527,309,441,416
an4.53:10,AN,an4.53,4,an4.53:10.1 an4.53:10.2 an4.53:10.3 an4.53:10.4,92,127,131,152
an4.53:11,AN,an4.53,4,an4.53:11.1 an4.53:11.2 an4.53:11.3 an4.53:11.4,90,120,108,118
an4.53:2,AN,an4.53,6,an4.53:2.1 an4.53:2.2 an4.53:2.3 an4.53:2.4 an4.53:2.5 an4.53:2.6,182,215,237,233
an4.53:3,AN,an4.53,4,an4.53:3.1 an4.53:3.2 an4.53:3.3 an4.53:3.4,545,441,807,813
an4.53:8,AN,an4.53,6,an4.53:8.1 an4.53:8.2 an4.53:8.3 an4.53:8.4 an4.53:8.5 an4.53:8.6,135,164,174,145
an4.53:9,AN,an4.53,6,an4.53:9.1 an4.53:9.2 an4.53:9.3 an4.53:9.4 an4.53:9.5 an4.53:9.6,133,160,179,136
an4.5:1,AN,an4.5,6,an4.5:1.1 an4.5:1.2 an4.5:1.3 an4.5:1.4 an4.5:1.5 an4.5:1.6,347,438,477,473
an4.5:2,AN,an4.5,3,an4.5:2.1 an4.5:2.2 an4.5:2.3,275,285,378,295
an4.5:3,AN,an4.5,3,an4.5:3.1 an4.5:3.2 an4.5:3.3,229,244,301,268
an4.5:4,AN,an4.5,4,an4.5:4.1 an4.5:4.2 an4.5:4.3 an4.5:4.4,362,440,508,498
an4.5:5,AN,an4.5,4,an4.5:5.1 an4.5:5.2 an4.5:5.3 an4.5:5.4,120,207,152,212
an4.5:6,AN,an4.5,4,an4.5:6.1 an4.5:6.2 an4.5:6.3 an4.5:6.4,126,222,200,211
an4.5:7,AN,an4.5,4,an4.5:7.1 an4.5:7.2 an4.5:7.3 an4.5:7.4,128,184,183,177
an4.62:2,AN,an4.62,3,an4.62:2.1 an4.62:2.2 an4.62:2.3,181,223,258,290
an4.62:3,AN,an4.62,4,an4.62:3.1 an4.62:3.2 an4.62:3.3 an4.62:3.4,332,318,518,471
an4.62:5,AN,an4.62,4,an4.62:5.1 an4.62:5.2 an4.62:5.3 an4.62:5.4,242,224,274,266
an4.62:6,AN,an4.62,5,an4.62:6.1 an4.62:6.2 an4.62:6.3 an4.62:6.4 an4.62:6.5,507,368,513,431
an4.62:7,AN,an4.62,4,an4.62:7.1 an4.62:7.2 an4.62:7.3 an4.62:7.4,98,165,149,178
an5.23:1,AN,an5.23,6,an5.23:1.1 an5.23:1.2 an5.23:1.3 an5.23:1.4 an5.23:1.5 an5.23:1.6,717,665,627,626
an5.23:2,AN,an5.23,6,an5.23:2.1 an5.23:2.2 an5.23:2.3 an5.23:2.4 an5.23:2.5 an5.23:2.6,803,843,840,808
an5.23:3,AN,an5.23,2,an5.23:3.1 an5.23:3.2,571,564,626,643
an5.23:4,AN,an5.23,2,an5.23:4.1 an5.23:4.2,192,216,213,242
an5.23:5,AN,an5.23,18,an5.23:5.1 an5.23:5.2 an5.23:5.3 an5.23:5.4 an5.23:5.5 an5.23:5.6 an5.23:5.7 an5.23:5.8 an5.23:5.9 an5.23:5.10 an5.23:5.11 an5.23:5.12 an5.23:5.13 an5.23:5.14 an5.23:5.15 an5.23:5.16 an5.23:5.17 an5.23:5.18,971,943,1103,841
an5.25:1,AN,an5.25,1,an5.25:1.1,159,130,198,229
an5.26:1,AN,an5.26,1,an5.26:1.1,225,233,254,284
an5.26:3,AN,an5.26,8,an5.26:3.1 an5.26:3.2 an5.26:3.3 an5.26:3.4 an5.26:3.5 an5.26:3.6 an5.26:3.7 an5.26:3.8,758,659,926,904
an5.26:4,AN,an5.26,8,an5.26:4.1 an5.26:4.2 an5.26:4.3 an5.26:4.4 an5.26:4.5 an5.26:4.6 an5.26:4.7 an5.26:4.8,711,623,787,962
an5.26:6,AN,an5.26,9,an5.26:6.1 an5.26:6.2 an5.26:6.3 an5.26:6.4 an5.26:6.5 an5.26:6.6 an5.26:6.7 an5.26:6.8 an5.26:6.9,1053,782,1358,1252
an5.27:1,AN,an5.27,8,an5.27:1.1 an5.27:1.2 an5.27:1.3 an5.27:1.4 an5.27:1.5 an5.27:1.6 an5.27:1.7 an5.27:1.8,622,523,890,888
an5.28:1,AN,an5.28,4,an5.28:1.1 an5.28:1.2 an5.28:1.3 an5.28:1.4,202,185,176,195
an5.28:10,AN,an5.28,4,an5.28:10.1 an5.28:10.2 an5.28:10.3 an5.28:10.4,513,583,602,546
an5.28:15,AN,an5.28,2,an5.28:15.1 an5.28:15.2,168,223,312,236
an5.28:7,AN,an5.28,1,an5.28:7.1,235,285,253,246
an5.28:8,AN,an5.28,4,an5.28:8.1 an5.28:8.2 an5.28:8.3 an5.28:8.4,416,473,463,482
an5.28:9,AN,an5.28,4,an5.28:9.1 an5.28:9.2 an5.28:9.3 an5.28:9.4,362,498,500,498
an5.2:1,AN,an5.2,3,an5.2:1.1 an5.2:1.2 an5.2:1.3,117,131,213,177
an5.2:2,AN,an5.2,4,an5.2:2.1 an5.2:2.2 an5.2:2.3 an5.2:2.4,294,353,453,426
an5.2:3,AN,an5.2,3,an5.2:3.1 an5.2:3.2 an5.2:3.3,224,260,305,241
an5.2:4,AN,an5.2,3,an5.2:4.1 an5.2:4.2 an5.2:4.3,233,263,347,218
an5.2:5,AN,an5.2,3,an5.2:5.1 an5.2:5.2 an5.2:5.3,250,296,343,276
an5.2:6,AN,an5.2,4,an5.2:6.1 an5.2:6.2 an5.2:6.3 an5.2:6.4,244,273,328,285
an5.30:1,AN,an5.30,11,an5.30:1.1 an5.30:1.2 an5.30:1.3 an5.30:1.4 an5.30:1.5 an5.30:1.6 an5.30:1.7 an5.30:1.8 an5.30:1.9 an5.30:1.10 an5.30:1.11,1135,1277,1495,1437
an5.30:3,AN,an5.30,7,an5.30:3.1 an5.30:3.2 an5.30:3.3 an5.30:3.4 an5.30:3.5 an5.30:3.6 an5.30:3.7,468,500,526,540
an5.31:1,AN,an5.31,2,an5.31:1.1 an5.31:1.2,271,251,170,304
an5.31:10,AN,an5.31,4,an5.31:10.1 an5.31:10.2 an5.31:10.3 an5.31:10.4,88,116,101,123
an5.31:11,AN,an5.31,4,an5.31:11.1 an5.31:11.2 an5.31:11.3 an5.31:11.4,96,136,121,136
an5.31:12,AN,an5.31,4,an5.31:12.1 an5.31:12.2 an5.31:12.3 an5.31:12.4,92,138,140,137
an5.31:2,AN,an5.31,4,an5.31:2.1 an5.31:2.2 an5.31:2.3 an5.31:2.4,229,284,360,323
an5.31:3,AN,an5.31,4,an5.31:3.1 an5.31:3.2 an5.31:3.3 an5.31:3.4,300,260,347,313
an5.31:4,AN,an5.31,5,an5.31:4.1 an5.31:4.2 an5.31:4.3 an5.31:4.4 an5.31:4.5,447,428,512,464
an5.31:5,AN,an5.31,6,an5.31:5.1 an5.31:5.2 an5.31:5.3 an5.31:5.4 an5.31:5.5 an5.31:5.6,880,765,851,1177
an5.31:6,AN,an5.31,2,an5.31:6.1 an5.31:6.2,212,229,225,268
an5.31:9,AN,an5.31,4,an5.31:9.1 an5.31:9.2 an5.31:9.3 an5.31:9.4,87,121,134,112
an5.34:1,AN,an5.34,3,an5.34:1.1 an5.34:1.2 an5.34:1.3,304,268,295,283
an5.34:2,AN,an5.34,3,an5.34:2.1 an5.34:2.2 an5.34:2.3,184,151,248,154
an5.34:8,AN,an5.34,4,an5.34:8.1 an5.34:8.2 an5.34:8.3 an5.34:8.4,133,155,128,169
an5.34:9,AN,an5.34,4,an5.34:9.1 an5.34:9.2 an5.34:9.3 an5.34:9.4,135,177,192,201
an5.36:1,AN,an5.36,8,an5.36:1.1 an5.36:1.2 an5.36:1.3 an5.36:1.4 an5.36:1.5 an5.36:1.6 an5.36:1.7 an5.36:1.8,265,306,280,315
an5.36:2,AN,an5.36,4,an5.36:2.1 an5.36:2.2 an5.36:2.3 an5.36:2.4,90,157,164,127
an5.36:3,AN,an5.36,6,an5.36:3.1 an5.36:3.2 an5.36:3.3 an5.36:3.4 an5.36:3.5 an5.36:3.6,140,181,203,173
an5.37:1,AN,an5.37,9,an5.37:1.1 an5.37:1.2 an5.37:1.3 an5.37:1.4 an5.37:1.5 an5.37:1.6 an5.37:1.7 an5.37:1.8 an5.37:1.9,549,488,619,605
an5.37:2,AN,an5.37,4,an5.37:2.1 an5.37:2.2 an5.37:2.3 an5.37:2.4,91,138,144,143
an5.38:2,AN,an5.38,2,an5.38:2.1 an5.38:2.2,221,220,224,244
an5.38:3,AN,an5.38,4,an5.38:3.1 an5.38:3.2 an5.38:3.3 an5.38:3.4,93,131,110,122
an5.38:4,AN,an5.38,4,an5.38:4.1 an5.38:4.2 an5.38:4.3 an5.38:4.4,94,133,125,145
an5.38:5,AN,an5.38,4,an5.38:5.1 an5.38:5.2 an5.38:5.3 an5.38:5.4,99,107,100,109
an5.38:6,AN,an5.38,4,an5.38:6.1 an5.38:6.2 an5.38:6.3 an5.38:6.4,88,129,128,126
an5.41:1,AN,an5.41,8,an5.41:1.1 an5.41:1.2 an5.41:1.3 an5.41:1.4 an5.41:1.5 an5.41:1.6 an5.41:1.7 an5.41:1.8,632,652,862,827
an5.41:4,AN,an5.41,3,an5.41:4.1 an5.41:4.2 an5.41:4.3,246,165,137,219
an5.41:5,AN,an5.41,3,an5.41:5.1 an5.41:5.2 an5.41:5.3,443,401,423,497
an5.41:6,AN,an5.41,6,an5.41:6.1 an5.41:6.2 an5.41:6.3 an5.41:6.4 an5.41:6.5 an5.41:6.6,440,373,579,411
an5.41:7,AN,an5.41,6,an5.41:7.1 an5.41:7.2 an5.41:7.3 an5.41:7.4 an5.41:7.5 an5.41:7.6,140,241,228,176
an5.41:8,AN,an5.41,4,an5.41:8.1 an5.41:8.2 an5.41:8.3 an5.41:8.4,95,114,133,135
an5.43:1,AN,an5.43,1,an5.43:1.1,183,115,171,142
an5.43:4,AN,an5.43,4,an5.43:4.1 an5.43:4.2 an5.43:4.3 an5.43:4.4,291,235,297,354
an5.43:5,AN,an5.43,4,an5.43:5.1 an5.43:5.2 an5.43:5.3 an5.43:5.4,307,232,285,332
an5.43:6,AN,an5.43,4,an5.43:6.1 an5.43:6.2 an5.43:6.3 an5.43:6.4,307,234,297,353
an5.43:7,AN,an5.43,4,an5.43:7.1 an5.43:7.2 an5.43:7.3 an5.43:7.4,299,225,285,318
an5.43:9,AN,an5.43,4,an5.43:9.1 an5.43:9.2 an5.43:9.3 an5.43:9.4,89,124,135,117
an5.49:1,AN,an5.49,2,an5.49:1.1 an5.49:1.2,190,179,193,198
an5.49:2,AN,an5.49,4,an5.49:2.1 an5.49:2.2 an5.49:2.3 an5.49:2.4,322,241,286,287
an5.51:3,AN,an5.51,5,an5.51:3.1 an5.51:3.2 an5.51:3.3 an5.51:3.4 an5.51:3.5,821,1034,1219,1097
an5.56:1,AN,an5.56,2,an5.56:1.1 an5.56:1.2,324,274,297,310
an5.56:3,AN,an5.56,4,an5.56:3.1 an5.56:3.2 an5.56:3.3 an5.56:3.4,697,762,796,960
an5.56:4,AN,an5.56,4,an5.56:4.1 an5.56:4.2 an5.56:4.3 an5.56:4.4,492,659,591,749
an5.57:10,AN,an5.57,4,an5.57:10.1 an5.57:10.2 an5.57:10.3 an5.57:10.4,378,422,514,455
an5.57:11,AN,an5.57,5,an5.57:11.1 an5.57:11.2 an5.57:11.3 an5.57:11.4 an5.57:11.5,555,408,751,692
an5.57:15,AN,an5.57,4,an5.57:15.1 an5.57:15.2 an5.57:15.3 an5.57:15.4,96,106,115,115
an5.57:7,AN,an5.57,5,an5.57:7.1 an5.57:7.2 an5.57:7.3 an5.57:7.4 an5.57:7.5,395,419,515,436
an5.57:8,AN,an5.57,4,an5.57:8.1 an5.57:8.2 an5.57:8.3 an5.57:8.4,348,384,473,401
an8.13:1,AN,an8.13,17,an8.13:1.1 an8.13:1.2 an8.13:1.3 an8.13:1.4 an8.13:1.5 an8.13:1.6 an8.13:1.7 an8.13:1.8 an8.13:1.9 an8.13:1.10 an8.13:1.11 an8.13:1.12 an8.13:1.13 an8.13:1.14 an8.13:1.15 an8.13:1.16 an8.13:1.17,1014,905,1033,1109
an8.14:1,AN,an8.14,4,an8.14:1.1 an8.14:1.2 an8.14:1.3 an8.14:1.4,239,238,237,304
an8.14:2,AN,an8.14,4,an8.14:2.1 an8.14:2.2 an8.14:2.3 an8.14:2.4,283,283,295,311
an8.14:3,AN,an8.14,3,an8.14:3.1 an8.14:3.2 an8.14:3.3,235,214,222,243
an8.14:4,AN,an8.14,3,an8.14:4.1 an8.14:4.2 an8.14:4.3,238,213,195,245
an8.14:5,AN,an8.14,3,an8.14:5.1 an8.14:5.2 an8.14:5.3,227,212,204,135
an8.14:6,AN,an8.14,3,an8.14:6.1 an8.14:6.2 an8.14:6.3,228,206,180,154
an8.14:7,AN,an8.14,3,an8.14:7.1 an8.14:7.2 an8.14:7.3,282,239,239,190
an8.14:8,AN,an8.14,3,an8.14:8.1 an8.14:8.2 an8.14:8.3,248,234,221,156
an8.14:9,AN,an8.14,4,an8.14:9.1 an8.14:9.2 an8.14:9.3 an8.14:9.4,332,305,319,238
an8.19:1,AN,an8.19,2,an8.19:1.1 an8.19:1.2,235,203,206,231
an8.22:1,AN,an8.22,5,an8.22:1.1 an8.22:1.2 an8.22:1.3 an8.22:1.4 an8.22:1.5,265,375,322,367
an8.22:10,AN,an8.22,3,an8.22:10.1 an8.22:10.2 an8.22:10.3,286,255,293,274
an8.22:11,AN,an8.22,3,an8.22:11.1 an8.22:11.2 an8.22:11.3,179,155,194,172
an8.22:12,AN,an8.22,3,an8.22:12.1 an8.22:12.2 an8.22:12.3,377,334,382,355
an8.22:2,AN,an8.22,4,an8.22:2.1 an8.22:2.2 an8.22:2.3 an8.22:2.4,562,439,560,458
an8.22:3,AN,an8.22,9,an8.22:3.1 an8.22:3.2 an8.22:3.3 an8.22:3.4 an8.22:3.5 an8.22:3.6 an8.22:3.7 an8.22:3.8 an8.22:3.9,575,510,620,545
an8.22:4,AN,an8.22,10,an8.22:4.1 an8.22:4.2 an8.22:4.3 an8.22:4.4 an8.22:4.5 an8.22:4.6 an8.22:4.7 an8.22:4.8 an8.22:4.9 an8.22:4.10,947,1023,1181,1127
an8.22:5,AN,an8.22,10,an8.22:5.1 an8.22:5.2 an8.22:5.3 an8.22:5.4 an8.22:5.5 an8.22:5.6 an8.22:5.7 an8.22:5.8 an8.22:5.9 an8.22:5.10,769,672,731,661
an8.22:6,AN,an8.22,3,an8.22:6.1 an8.22:6.2 an8.22:6.3,168,165,196,161
an8.22:7,AN,an8.22,6,an8.22:7.1 an8.22:7.2 an8.22:7.3 an8.22:7.4 an8.22:7.5 an8.22:7.6,291,266,301,303
an8.22:8,AN,an8.22,6,an8.22:8.1 an8.22:8.2 an8.22:8.3 an8.22:8.4 an8.22:8.5 an8.22:8.6,525,619,712,635
an8.22:9,AN,an8.22,7,an8.22:9.1 an8.22:9.2 an8.22:9.3 an8.22:9.4 an8.22:9.5 an8.22:9.6 an8.22:9.7,459,426,412,413
an8.23:1,AN,an8.23,14,an8.23:1.1 an8.23:1.2 an8.23:1.3 an8.23:1.4 an8.23:1.5 an8.23:1.6 an8.23:1.7 an8.23:1.8 an8.23:1.9 an8.23:1.10 an8.23:1.11 an8.23:1.12 an8.23:1.13 an8.23:1.14,656,581,601,628
an8.23:2,AN,an8.23,2,an8.23:2.1 an8.23:2.2,339,279,325,311
an8.23:3,AN,an8.23,13,an8.23:3.1 an8.23:3.2 an8.23:3.3 an8.23:3.4 an8.23:3.5 an8.23:3.6 an8.23:3.7 an8.23:3.8 an8.23:3.9 an8.23:3.10 an8.23:3.11 an8.23:3.12 an8.23:3.13,511,432,573,449
an8.23:4,AN,an8.23,2,an8.23:4.1 an8.23:4.2,287,293,289,281
an8.24:1,AN,an8.24,20,an8.24:1.1 an8.24:1.2 an8.24:1.3 an8.24:1.4 an8.24:1.5 an8.24:1.6 an8.24:1.7 an8.24:1.8 an8.24:1.9 an8.24:1.10 an8.24:1.11 an8.24:1.12 an8.24:1.13 an8.24:1.14 an8.24:1.15 an8.24:1.16 an8.24:1.17 an8.24:1.18 an8.24:1.19 an8.24:1.20,1383,1199,1497,1404
an8.26:1,AN,an8.26,5,an8.26:1.1 an8.26:1.2 an8.26:1.3 an8.26:1.4 an8.26:1.5,419,333,490,359
an8.26:2,AN,an8.26,3,an8.26:2.1 an8.26:2.2 an8.26:2.3,201,236,293,304
an8.26:3,AN,an8.26,4,an8.26:3.1 an8.26:3.2 an8.26:3.3 an8.26:3.4,369,612,1170,1183
an8.28:5,AN,an8.28,3,an8.28:5.1 an8.28:5.2 an8.28:5.3,311,223,385,215
an8.28:6,AN,an8.28,6,an8.28:6.1 an8.28:6.2 an8.28:6.3 an8.28:6.4 an8.28:6.5 an8.28:6.6,455,295,445,322
an8.2:1,AN,an8.2,4,an8.2:1.1 an8.2:1.2 an8.2:1.3 an8.2:1.4,521,422,725,694
an8.2:11,AN,an8.2,3,an8.2:11.1 an8.2:11.2 an8.2:11.3,232,192,263,225
an8.2:15,AN,an8.2,4,an8.2:15.1 an8.2:15.2 an8.2:15.3 an8.2:15.4,276,280,355,296
an8.2:2,AN,an8.2,4,an8.2:2.1 an8.2:2.2 an8.2:2.3 an8.2:2.4,559,419,543,572
an8.2:4,AN,an8.2,2,an8.2:4.1 an8.2:4.2,307,232,274,296
an8.2:5,AN,an8.2,2,an8.2:5.1 an8.2:5.2,444,410,469,520
an8.2:6,AN,an8.2,2,an8.2:6.1 an8.2:6.2,319,228,260,294
an8.2:7,AN,an8.2,3,an8.2:7.1 an8.2:7.2 an8.2:7.3,311,191,256,294
an8.2:8,AN,an8.2,7,an8.2:8.1 an8.2:8.2 an8.2:8.3 an8.2:8.4 an8.2:8.5 an8.2:8.6 an8.2:8.7,458,540,575,631
an8.2:9,AN,an8.2,4,an8.2:9.1 an8.2:9.2 an8.2:9.3 an8.2:9.4,325,330,416,354
an8.30:1,AN,an8.30,10,an8.30:1.1 an8.30:1.2 an8.30:1.3 an8.30:1.4 an8.30:1.5 an8.30:1.6 an8.30:1.7 an8.30:1.8 an8.30:1.9 an8.30:1.10,619,670,870,865
an8.30:10,AN,an8.30,2,an8.30:10.1 an8.30:10.2,454,308,555,300
an8.30:11,AN,an8.30,2,an8.30:11.1 an8.30:11.2,513,387,635,327
an8.30:12,AN,an8.30,4,an8.30:12.1 an8.30:12.2 an8.30:12.3 an8.30:12.4,609,452,693,423
an8.30:13,AN,an8.30,13,an8.30:13.1 an8.30:13.2 an8.30:13.3 an8.30:13.4 an8.30:13.5 an8.30:13.6 an8.30:13.7 an8.30:13.8 an8.30:13.9 an8.30:13.10 an8.30:13.11 an8.30:13.12 an8.30:13.13,1003,972,1241,1260
an8.30:2,AN,an8.30,4,an8.30:2.1 an8.30:2.2 an8.30:2.3 an8.30:2.4,455,409,536,539
an8.30:22,AN,an8.30,5,an8.30:22.1 an8.30:22.2 an8.30:22.3 an8.30:22.4 an8.30:22.5,556,685,611,779
an8.30:23,AN,an8.30,4,an8.30:23.1 an8.30:23.2 an8.30:23.3 an8.30:23.4,87,115,101,118
an8.30:24,AN,an8.30,4,an8.30:24.1 an8.30:24.2 an8.30:24.3 an8.30:24.4,90,112,128,126
an8.30:3,AN,an8.30,11,an8.30:3.1 an8.30:3.2 an8.30:3.3 an8.30:3.4 an8.30:3.5 an8.30:3.6 an8.30:3.7 an8.30:3.8 an8.30:3.9 an8.30:3.10 an8.30:3.11,633,695,875,880
an8.30:4,AN,an8.30,1,an8.30:4.1,240,310,284,308
an8.30:5,AN,an8.30,1,an8.30:5.1,262,191,303,325
an8.30:6,AN,an8.30,1,an8.30:6.1,305,224,235,358
an8.30:7,AN,an8.30,1,an8.30:7.1,274,209,282,312
an8.39:1,AN,an8.39,4,an8.39:1.1 an8.39:1.2 an8.39:1.3 an8.39:1.4,390,382,560,539
an8.39:2,AN,an8.39,2,an8.39:2.1 an8.39:2.2,120,115,115,186
an8.39:3,AN,an8.39,9,an8.39:3.1 an8.39:3.2 an8.39:3.3 an8.39:3.4 an8.39:3.5 an8.39:3.6 an8.39:3.7 an8.39:3.8 an8.39:3.9,1089,940,1530,1147
an8.39:7,AN,an8.39,5,an8.39:7.1 an8.39:7.2 an8.39:7.3 an8.39:7.4 an8.39:7.5,683,568,945,692
an8.40:1,AN,an8.40,2,an8.40:1.1 an8.40:1.2,203,213,312,267
an8.40:2,AN,an8.40,2,an8.40:2.1 an8.40:2.2,213,175,292,256
an8.40:3,AN,an8.40,2,an8.40:3.1 an8.40:3.2,217,188,303,246
an8.40:4,AN,an8.40,2,an8.40:4.1 an8.40:4.2,206,175,283,235
an8.40:5,AN,an8.40,2,an8.40:5.1 an8.40:5.2,212,197,315,256
an8.40:6,AN,an8.40,2,an8.40:6.1 an8.40:6.2,211,192,294,237
an8.40:7,AN,an8.40,2,an8.40:7.1 an8.40:7.2,212,209,314,243
an8.6:2,AN,an8.6,4,an8.6:2.1 an8.6:2.2 an8.6:2.3 an8.6:2.4,531,436,682,635
an8.6:4,AN,an8.6,7,an8.6:4.1 an8.6:4.2 an8.6:4.3 an8.6:4.4 an8.6:4.5 an8.6:4.6 an8.6:4.7,675,433,676,607
an8.6:7,AN,an8.6,4,an8.6:7.1 an8.6:7.2 an8.6:7.3 an8.6:7.4,121,152,149,157
an8.6:8,AN,an8.6,4,an8.6:8.1 an8.6:8.2 an8.6:8.3 an8.6:8.4,124,174,158,167
an8.7:1,AN,an8.7,7,an8.7:1.1 an8.7:1.2 an8.7:1.3 an8.7:1.4 an8.7:1.5 an8.7:1.6 an8.7:1.7,539,658,651,657
an8.7:2,AN,an8.7,10,an8.7:2.1 an8.7:2.2 an8.7:2.3 an8.7:2.4 an8.7:2.5 an8.7:2.6 an8.7:2.7 an8.7:2.8 an8.7:2.9 an8.7:2.10,483,391,635,582
an8.7:3,AN,an8.7,8,an8.7:3.1 an8.7:3.2 an8.7:3.3 an8.7:3.4 an8.7:3.5 an8.7:3.6 an8.7:3.7 an8.7:3.8,258,158,272,180
an8.8:4,AN,an8.8,2,an8.8:4.1 an8.8:4.2,441,273,390,327
an8.8:5,AN,an8.8,9,an8.8:5.1 an8.8:5.2 an8.8:5.3 an8.8:5.4 an8.8:5.5 an8.8:5.6 an8.8:5.7 an8.8:5.8 an8.8:5.9,493,535,682,559
an8.8:6,AN,an8.8,8,an8.8:6.1 an8.8:6.2 an8.8:6.3 an8.8:6.4 an8.8:6.5 an8.8:6.6 an8.8:6.7 an8.8:6.8,610,571,724,570
an8.8:7,AN,an8.8,6,an8.8:7.1 an8.8:7.2 an8.8:7.3 an8.8:7.4 an8.8:7.5 an8.8:7.6,370,444,437,453
mn108:1,MN,mn108,2,mn108:1.1 mn108:1.2,113,186,169,186
mn108:13,MN,mn108,3,mn108:13.1 mn108:13.2 mn108:13.3,255,188,306,318
mn108:14,MN,mn108,1,mn108:14.1,157,215,244,230
mn108:15,MN,mn108,2,mn108:15.1 mn108:15.2,276,385,394,410
mn108:17,MN,mn108,1,mn108:17.1,105,142,152,143
mn108:18,MN,mn108,1,mn108:18.1,469,479,534,550
mn108:19,MN,mn108,1,mn108:19.1,109,125,135,164
mn108:2,MN,mn108,1,mn108:2.1,115,141,115,125
mn108:20,MN,mn108,17,mn108:20.1 mn108:20.2 mn108:20.3 mn108:20.4 mn108:20.5 mn108:20.6 mn108:20.7 mn108:20.8 mn108:20.9 mn108:20.10 mn108:20.11 mn108:20.12 mn108:20.13 mn108:20.14 mn108:20.15 mn108:20.16 mn108:20.17,888,561,966,883
mn108:23,MN,mn108,3,mn108:23.1 mn108:23.2 mn108:23.3,357,375,478,509
mn108:25,MN,mn108,12,mn108:25.1 mn108:25.2 mn108:25.3 mn108:25.4 mn108:25.5 mn108:25.6 mn108:25.7 mn108:25.8 mn108:25.9 mn108:25.10 mn108:25.11 mn108:25.12,1049,805,1314,985
mn108:28,MN,mn108,5,mn108:28.1 mn108:28.2 mn108:28.3 mn108:28.4 mn108:28.5,321,386,425,423
mn108:3,MN,mn108,4,mn108:3.1 mn108:3.2 mn108:3.3 mn108:3.4,291,261,294,278
mn108:4,MN,mn108,10,mn108:4.1 mn108:4.2 mn108:4.3 mn108:4.4 mn108:4.5 mn108:4.6 mn108:4.7 mn108:4.8 mn108:4.9 mn108:4.10,609,386,491,496
mn108:5,MN,mn108,4,mn108:5.1 mn108:5.2 mn108:5.3 mn108:5.4,550,487,597,644
mn108:7,MN,mn108,4,mn108:7.1 mn108:7.2 mn108:7.3 mn108:7.4,341,204,374,377
mn108:9,MN,mn108,4,mn108:9.1 mn108:9.2 mn108:9.3 mn108:9.4,157,166,206,173
mn117:10,MN,mn117,3,mn117:10.1 mn117:10.2 mn117:10.3,211,190,184,195
mn117:11,MN,mn117,3,mn117:11.1 mn117:11.2 mn117:11.3,120,103,108,153
mn117:12,MN,mn117,4,mn117:12.1 mn117:12.2 mn117:12.3 mn117:12.4,219,262,248,268
mn117:13,MN,mn117,3,mn117:13.1 mn117:13.2 mn117:13.3,196,228,266,317
mn117:14,MN,mn117,3,mn117:14.1 mn117:14.2 mn117:14.3,300,350,313,345
mn117:15,MN,mn117,3,mn117:15.1 mn117:15.2 mn117:15.3,313,324,332,360
mn117:16,MN,mn117,3,mn117:16.1 mn117:16.2 mn117:16.3,195,186,180,183
mn117:18,MN,mn117,4,mn117:18.1 mn117:18.2 mn117:18.3 mn117:18.4,203,258,244,257
mn117:19,MN,mn117,3,mn117:19.1 mn117:19.2 mn117:19.3,226,251,263,408
mn117:2,MN,mn117,4,mn117:2.1 mn117:2.2 mn117:2.3 mn117:2.4,203,200,203,210
mn117:20,MN,mn117,3,mn117:20.1 mn117:20.2 mn117:20.3,276,337,403,458
mn117:22,MN,mn117,3,mn117:22.1 mn117:22.2 mn117:22.3,211,186,180,183
mn117:24,MN,mn117,4,mn117:24.1 mn117:24.2 mn117:24.3 mn117:24.4,219,258,244,257
mn117:25,MN,mn117,3,mn117:25.1 mn117:25.2 mn117:25.3,207,246,253,346
mn117:28,MN,mn117,3,mn117:28.1 mn117:28.2 mn117:28.3,199,202,196,199
mn117:29,MN,mn117,3,mn117:29.1 mn117:29.2 mn117:29.3,137,166,125,131
mn117:30,MN,mn117,4,mn117:30.1 mn117:30.2 mn117:30.3 mn117:30.4,207,274,260,273
mn117:31,MN,mn117,3,mn117:31.1 mn117:31.2 mn117:31.3,211,272,310,321
mn117:34,MN,mn117,5,mn117:34.1 mn117:34.2 mn117:34.3 mn117:34.4 mn117:34.5,588,618,914,797
mn117:35,MN,mn117,16,mn117:35.1 mn117:35.2 mn117:35.3 mn117:35.4 mn117:35.5 mn117:35.6 mn117:35.7 mn117:35.8 mn117:35.9 mn117:35.10 mn117:35.11 mn117:35.12 mn117:35.13 mn117:35.14 mn117:35.15 mn117:35.16,994,982,1145,1072
mn117:36,MN,mn117,2,mn117:36.1 mn117:36.2,196,275,268,280
mn117:4,MN,mn117,3,mn117:4.1 mn117:4.2 mn117:4.3,202,178,172,175
mn117:5,MN,mn117,3,mn117:5.1 mn117:5.2 mn117:5.3,371,417,412,408
mn117:6,MN,mn117,4,mn117:6.1 mn117:6.2 mn117:6.3 mn117:6.4,211,250,250,249
mn117:7,MN,mn117,3,mn117:7.1 mn117:7.2 mn117:7.3,427,594,556,600
mn117:8,MN,mn117,3,mn117:8.1 mn117:8.2 mn117:8.3,309,438,471,428
mn117:9,MN,mn117,3,mn117:9.1 mn117:9.2 mn117:9.3,302,309,317,335
mn118:1,MN,mn118,3,mn118:1.1 mn118:1.2 mn118:1.3,457,340,375,486
mn118:15,MN,mn118,4,mn118:15.1 mn118:15.2 mn118:15.3 mn118:15.4,284,422,461,442
mn118:17,MN,mn118,2,mn118:17.1 mn118:17.2,193,245,272,243
mn118:18,MN,mn118,4,mn118:18.1 mn118:18.2 mn118:18.3 mn118:18.4,409,545,522,539
mn118:19,MN,mn118,4,mn118:19.1 mn118:19.2 mn118:19.3 mn118:19.4,387,559,527,533
mn118:2,MN,mn118,3,mn118:2.1 mn118:2.2 mn118:2.3,422,309,366,354
mn118:20,MN,mn118,4,mn118:20.1 mn118:20.2 mn118:20.3 mn118:20.4,361,537,491,477
mn118:21,MN,mn118,4,mn118:21.1 mn118:21.2 mn118:21.3 mn118:21.4,341,531,513,519
mn118:23,MN,mn118,1,mn118:23.1,94,120,110,119
mn118:24,MN,mn118,7,mn118:24.1 mn118:24.2 mn118:24.3 mn118:24.4 mn118:24.5 mn118:24.6 mn118:24.7,757,516,917,955
mn118:25,MN,mn118,7,mn118:25.1 mn118:25.2 mn118:25.3 mn118:25.4 mn118:25.5 mn118:25.6 mn118:25.7,775,566,953,984
mn118:26,MN,mn118,7,mn118:26.1 mn118:26.2 mn118:26.3 mn118:26.4 mn118:26.5 mn118:26.6 mn118:26.7,713,561,909,910
mn118:27,MN,mn118,7,mn118:27.1 mn118:27.2 mn118:27.3 mn118:27.4 mn118:27.5 mn118:27.6 mn118:27.7,719,565,971,966
mn118:28,MN,mn118,1,mn118:28.1,91,119,127,106
mn118:29,MN,mn118,1,mn118:29.1,98,124,138,124
mn118:3,MN,mn118,2,mn118:3.1 mn118:3.2,226,264,235,247
mn118:30,MN,mn118,2,mn118:30.1 mn118:30.2,406,236,397,449
mn118:31,MN,mn118,2,mn118:31.1 mn118:31.2,404,235,382,412
mn118:33,MN,mn118,2,mn118:33.1 mn118:33.2,293,165,280,277
mn118:34,MN,mn118,2,mn118:34.1 mn118:34.2,332,181,265,296
mn118:35,MN,mn118,2,mn118:35.1 mn118:35.2,308,195,282,339
mn118:36,MN,mn118,2,mn118:36.1 mn118:36.2,321,166,265,302
mn118:4,MN,mn118,4,mn118:4.1 mn118:4.2 mn118:4.3 mn118:4.4,282,296,373,267
mn118:40,MN,mn118,1,mn118:40.1,98,121,124,115
mn118:41,MN,mn118,1,mn118:41.1,91,105,124,119
mn118:6,MN,mn118,3,mn118:6.1 mn118:6.2 mn118:6.3,426,289,380,320
mn118:9,MN,mn118,2,mn118:9.1 mn118:9.2,224,330,300,324
mn11:13,MN,mn11,6,mn11:13.1 mn11:13.2 mn11:13.3 mn11:13.4 mn11:13.5 mn11:13.6,394,449,487,505
mn11:14,MN,mn11,2,mn11:14.1 mn11:14.2,271,267,316,364
mn11:15,MN,mn11,6,mn11:15.1 mn11:15.2 mn11:15.3 mn11:15.4 mn11:15.5 mn11:15.6,377,410,443,479
mn11:2,MN,mn11,3,mn11:2.1 mn11:2.2 mn11:2.3,176,214,301,225
mn11:6,MN,mn11,4,mn11:6.1 mn11:6.2 mn11:6.3 mn11:6.4,353,370,451,379
mn11:7,MN,mn11,3,mn11:7.1 mn11:7.2 mn11:7.3,412,414,521,518
mn11:9,MN,mn11,3,mn11:9.1 mn11:9.2 mn11:9.3,118,141,144,181
mn12:1,MN,mn12,2,mn12:1.1 mn12:1.2,87,118,138,114
mn12:10,MN,mn12,2,mn12:10.1 mn12:10.2,333,288,418,301
mn12:19,MN,mn12,2,mn12:19.1 mn12:19.2,451,383,397,401
mn12:2,MN,mn12,5,mn12:2.1 mn12:2.2 mn12:2.3 mn12:2.4 mn12:2.5,378,444,506,523
mn12:20,MN,mn12,1,mn12:20.1,168,169,211,189
mn12:22,MN,mn12,2,mn12:22.1 mn12:22.2,185,180,214,211
mn12:23,MN,mn12,2,mn12:23.1 mn12:23.2,314,292,322,341
mn12:24,MN,mn12,2,mn12:24.1 mn12:24.2,304,291,333,337
mn12:25,MN,mn12,2,mn12:25.1 mn12:25.2,326,310,330,334
mn12:26,MN,mn12,2,mn12:26.1 mn12:26.2,342,330,363,366
mn12:32,MN,mn12,3,mn12:32.1 mn12:32.2 mn12:32.3,114,159,160,168
mn12:33,MN,mn12,13,mn12:33.1 mn12:33.2 mn12:33.3 mn12:33.4 mn12:33.5 mn12:33.6 mn12:33.7 mn12:33.8 mn12:33.9 mn12:33.10 mn12:33.11 mn12:33.12 mn12:33.13,648,689,672,657
mn12:35,MN,mn12,3,mn12:35.1 mn12:35.2 mn12:35.3,102,113,131,133
mn12:36,MN,mn12,12,mn12:36.1 mn12:36.2 mn12:36.3 mn12:36.4 mn12:36.5 mn12:36.6 mn12:36.7 mn12:36.8 mn12:36.9 mn12:36.10 mn12:36.11 mn12:36.12,1178,798,1560,1462
mn12:4,MN,mn12,5,mn12:4.1 mn12:4.2 mn12:4.3 mn12:4.4 mn12:4.5,326,318,369,315
mn12:43,MN,mn12,6,mn12:43.1 mn12:43.2 mn12:43.3 mn12:43.4 mn12:43.5 mn12:43.6,594,633,894,798
mn12:44,MN,mn12,2,mn12:44.1 mn12:44.2,217,320,276,234
mn12:46,MN,mn12,7,mn12:46.1 mn12:46.2 mn12:46.3 mn12:46.4 mn12:46.5 mn12:46.6 mn12:46.7,501,393,524,488
mn12:47,MN,mn12,4,mn12:47.1 mn12:47.2 mn12:47.3 mn12:47.4,259,263,292,264
mn12:49,MN,mn12,3,mn12:49.1 mn12:49.2 mn12:49.3,333,231,366,289
mn12:5,MN,mn12,2,mn12:5.1 mn12:5.2,237,284,336,300
mn12:50,MN,mn12,10,mn12:50.1 mn12:50.2 mn12:50.3 mn12:50.4 mn12:50.5 mn12:50.6 mn12:50.7 mn12:50.8 mn12:50.9 mn12:50.10,604,643,720,604
mn12:51,MN,mn12,4,mn12:51.1 mn12:51.2 mn12:51.3 mn12:51.4,317,291,337,296
mn12:52,MN,mn12,21,mn12:52.1 mn12:52.2 mn12:52.3 mn12:52.4 mn12:52.5 mn12:52.6 mn12:52.7 mn12:52.8 mn12:52.9 mn12:52.10 mn12:52.11 mn12:52.12 mn12:52.13 mn12:52.14 mn12:52.15 mn12:52.16 mn12:52.17 mn12:52.18 mn12:52.19 mn12:52.20 mn12:52.21,1820,1433,1452,1687
mn12:56,MN,mn12,3,mn12:56.1 mn12:56.2 mn12:56.3,278,327,358,391
mn12:57,MN,mn12,4,mn12:57.1 mn12:57.2 mn12:57.3 mn12:57.4,298,354,339,397
mn12:6,MN,mn12,2,mn12:6.1 mn12:6.2,581,561,644,618
mn12:60,MN,mn12,3,mn12:60.1 mn12:60.2 mn12:60.3,259,264,298,311
mn12:61,MN,mn12,3,mn12:61.1 mn12:61.2 mn12:61.3,270,273,318,303
mn12:62,MN,mn12,12,mn12:62.1 mn12:62.2 mn12:62.3 mn12:62.4 mn12:62.5 mn12:62.6 mn12:62.7 mn12:62.8 mn12:62.9 mn12:62.10 mn12:62.11 mn12:62.12,1614,1561,1972,1708
mn12:7,MN,mn12,2,mn12:7.1 mn12:7.2,220,212,249,233
mn12:8,MN,mn12,18,mn12:8.1 mn12:8.2 mn12:8.3 mn12:8.4 mn12:8.5 mn12:8.6 mn12:8.7 mn12:8.8 mn12:8.9 mn12:8.10 mn12:8.11 mn12:8.12 mn12:8.13 mn12:8.14 mn12:8.15 mn12:8.16 mn12:8.17 mn12:8.18,966,646,1079,922
mn12:9,MN,mn12,2,mn12:9.1 mn12:9.2,187,197,225,207
mn135:1,MN,mn135,2,mn135:1.1 mn135:1.2,91,111,103,111
mn135:13,MN,mn135,5,mn135:13.1 mn135:13.2 mn135:13.3 mn135:13.4 mn135:13.5,587,313,561,452
mn135:2,MN,mn135,2,mn135:2.1 mn135:2.2,236,199,246,206
mn135:20,MN,mn135,3,mn135:20.1 mn135:20.2 mn135:20.3,131,189,229,223
mn135:3,MN,mn135,9,mn135:3.1 mn135:3.2 mn135:3.3 mn135:3.4 mn135:3.5 mn135:3.6 mn135:3.7 mn135:3.8 mn135:3.9,530,443,442,390
mn135:4,MN,mn135,8,mn135:4.1 mn135:4.2 mn135:4.3 mn135:4.4 mn135:4.5 mn135:4.6 mn135:4.7 mn135:4.8,568,525,656,645
mn135:5,MN,mn135,5,mn135:5.1 mn135:5.2 mn135:5.3 mn135:5.4 mn135:5.5,518,472,712,746
mn135:6,MN,mn135,5,mn135:6.1 mn135:6.2 mn135:6.3 mn135:6.4 mn135:6.5,592,503,856,820
mn13:10,MN,mn13,7,mn13:10.1 mn13:10.2 mn13:10.3 mn13:10.4 mn13:10.5 mn13:10.6 mn13:10.7,646,685,744,706
mn13:11,MN,mn13,4,mn13:11.1 mn13:11.2 mn13:11.3 mn13:11.4,727,654,798,712
mn13:12,MN,mn13,4,mn13:12.1 mn13:12.2 mn13:12.3 mn13:12.4,479,448,575,472
mn13:13,MN,mn13,4,mn13:13.1 mn13:13.2 mn13:13.3 mn13:13.4,529,487,594,421
mn13:15,MN,mn13,3,mn13:15.1 mn13:15.2 mn13:15.3,434,339,479,604
mn13:16,MN,mn13,2,mn13:16.1 mn13:16.2,126,154,179,221
mn13:17,MN,mn13,2,mn13:17.1 mn13:17.2,560,661,726,664
mn13:18,MN,mn13,5,mn13:18.1 mn13:18.2 mn13:18.3 mn13:18.4 mn13:18.5,386,414,422,494
mn13:19,MN,mn13,6,mn13:19.1 mn13:19.2 mn13:19.3 mn13:19.4 mn13:19.5 mn13:19.6,454,459,457,531
mn13:2,MN,mn13,6,mn13:2.1 mn13:2.2 mn13:2.3 mn13:2.4 mn13:2.5 mn13:2.6,554,487,601,468
mn13:20,MN,mn13,5,mn13:20.1 mn13:20.2 mn13:20.3 mn13:20.4 mn13:20.5,316,326,301,349
mn13:23-28,MN,mn13,6,mn13:23-28.1 mn13:23-28.2 mn13:23-28.3 mn13:23-28.4 mn13:23-28.5 mn13:23-28.6,724,615,703,716
mn13:29,MN,mn13,6,mn13:29.1 mn13:29.2 mn13:29.3 mn13:29.4 mn13:29.5 mn13:29.6,339,388,398,450
mn13:3,MN,mn13,5,mn13:3.1 mn13:3.2 mn13:3.3 mn13:3.4 mn13:3.5,431,365,465,459
mn13:30,MN,mn13,2,mn13:30.1 mn13:30.2,122,118,158,204
mn13:32,MN,mn13,5,mn13:32.1 mn13:32.2 mn13:32.3 mn13:32.4 mn13:32.5,553,496,482,584
mn13:36,MN,mn13,2,mn13:36.1 mn13:36.2,116,121,138,162
mn13:37,MN,mn13,2,mn13:37.1 mn13:37.2,129,127,163,189
mn13:4,MN,mn13,3,mn13:4.1 mn13:4.2 mn13:4.3,217,211,197,238
mn13:6,MN,mn13,8,mn13:6.1 mn13:6.2 mn13:6.3 mn13:6.4 mn13:6.5 mn13:6.6 mn13:6.7 mn13:6.8,610,800,787,882
mn13:8,MN,mn13,5,mn13:8.1 mn13:8.2 mn13:8.3 mn13:8.4 mn13:8.5,467,496,612,692
mn13:9,MN,mn13,4,mn13:9.1 mn13:9.2 mn13:9.3 mn13:9.4,332,375,405,371
mn140:1,MN,mn140,3,mn140:1.1 mn140:1.2 mn140:1.3,178,153,166,177
mn140:12,MN,mn140,2,mn140:12.1 mn140:12.2,137,129,174,172
mn140:14,MN,mn140,9,mn140:14.1 mn140:14.2 mn140:14.3 mn140:14.4 mn140:14.5 mn140:14.6 mn140:14.7 mn140:14.8 mn140:14.9,741,838,915,911
mn140:15,MN,mn140,9,mn140:15.1 mn140:15.2 mn140:15.3 mn140:15.4 mn140:15.5 mn140:15.6 mn140:15.7 mn140:15.8 mn140:15.9,627,759,809,814
mn140:16,MN,mn140,9,mn140:16.1 mn140:16.2 mn140:16.3 mn140:16.4 mn140:16.5 mn140:16.6 mn140:16.7 mn140:16.8 mn140:16.9,678,774,841,846
mn140:17,MN,mn140,9,mn140:17.1 mn140:17.2 mn140:17.3 mn140:17.4 mn140:17.5 mn140:17.6 mn140:17.7 mn140:17.8 mn140:17.9,666,766,833,831
mn140:18,MN,mn140,9,mn140:18.1 mn140:18.2 mn140:18.3 mn140:18.4 mn140:18.5 mn140:18.6 mn140:18.7 mn140:18.8 mn140:18.9,825,846,898,928
mn140:2,MN,mn140,4,mn140:2.1 mn140:2.2 mn140:2.3 mn140:2.4,184,217,250,241
mn140:20,MN,mn140,3,mn140:20.1 mn140:20.2 mn140:20.3,730,695,696,770
mn140:23,MN,mn140,3,mn140:23.1 mn140:23.2 mn140:23.3,324,438,429,387
mn140:29,MN,mn140,2,mn140:29.1 mn140:29.2,133,134,178,172
mn140:3,MN,mn140,6,mn140:3.1 mn140:3.2 mn140:3.3 mn140:3.4 mn140:3.5 mn140:3.6,387,414,418,447
mn140:30,MN,mn140,2,mn140:30.1 mn140:30.2,150,184,206,226
mn140:31,MN,mn140,5,mn140:31.1 mn140:31.2 mn140:31.3 mn140:31.4 mn140:31.5,660,667,718,809
mn140:32,MN,mn140,3,mn140:32.1 mn140:32.2 mn140:32.3,216,263,276,284
mn140:33,MN,mn140,7,mn140:33.1 mn140:33.2 mn140:33.3 mn140:33.4 mn140:33.5 mn140:33.6 mn140:33.7,767,829,1092,969
mn140:34,MN,mn140,4,mn140:34.1 mn140:34.2 mn140:34.3 mn140:34.4,223,240,241,270
mn140:35,MN,mn140,2,mn140:35.1 mn140:35.2,251,273,261,326
mn140:4,MN,mn140,7,mn140:4.1 mn140:4.2 mn140:4.3 mn140:4.4 mn140:4.5 mn140:4.6 mn140:4.7,428,383,468,513
mn140:5,MN,mn140,14,mn140:5.1 mn140:5.2 mn140:5.3 mn140:5.4 mn140:5.5 mn140:5.6 mn140:5.7 mn140:5.8 mn140:5.9 mn140:5.10 mn140:5.11 mn140:5.12 mn140:5.13 mn140:5.14,813,917,1068,1016
mn140:6,MN,mn140,8,mn140:6.1 mn140:6.2 mn140:6.3 mn140:6.4 mn140:6.5 mn140:6.6 mn140:6.7 mn140:6.8,327,298,347,364
mn140:7,MN,mn140,4,mn140:7.1 mn140:7.2 mn140:7.3 mn140:7.4,308,398,440,482
mn146:12,MN,mn146,7,mn146:12.1 mn146:12.2 mn146:12.3 mn146:12.4 mn146:12.5 mn146:12.6 mn146:12.7,540,443,445,429
mn146:13,MN,mn146,10,mn146:13.1 mn146:13.2 mn146:13.3 mn146:13.4 mn146:13.5 mn146:13.6 mn146:13.7 mn146:13.8 mn146:13.9 mn146:13.10,782,762,883,1098
mn146:14,MN,mn146,5,mn146:14.1 mn146:14.2 mn146:14.3 mn146:14.4 mn146:14.5,502,485,585,530
mn146:3,MN,mn146,6,mn146:3.1 mn146:3.2 mn146:3.3 mn146:3.4 mn146:3.5 mn146:3.6,396,282,383,413
mn146:4,MN,mn146,12,mn146:4.1 mn146:4.2 mn146:4.3 mn146:4.4 mn146:4.5 mn146:4.6 mn146:4.7 mn146:4.8 mn146:4.9 mn146:4.10 mn146:4.11 mn146:4.12,738,628,696,793
mn146:5,MN,mn146,5,mn146:5.1 mn146:5.2 mn146:5.3 mn146:5.4 mn146:5.5,351,322,366,398
mn147:1,MN,mn147,10,mn147:1.1 mn147:1.2 mn147:1.3 mn147:1.4 mn147:1.5 mn147:1.6 mn147:1.7 mn147:1.8 mn147:1.9 mn147:1.10,657,658,808,807
mn147:2,MN,mn147,13,mn147:2.1 mn147:2.2 mn147:2.3 mn147:2.4 mn147:2.5 mn147:2.6 mn147:2.7 mn147:2.8 mn147:2.9 mn147:2.10 mn147:2.11 mn147:2.12 mn147:2.13,646,642,701,740
mn148:16,MN,mn148,2,mn148:16.1 mn148:16.2,120,157,149,140
mn148:2,MN,mn148,5,mn148:2.1 mn148:2.2 mn148:2.3 mn148:2.4 mn148:2.5,310,342,366,358
mn148:22,MN,mn148,2,mn148:22.1 mn148:22.2,122,159,175,150
mn148:3,MN,mn148,1,mn148:3.1,181,307,263,291
mn148:34,MN,mn148,8,mn148:34.1 mn148:34.2 mn148:34.3 mn148:34.4 mn148:34.5 mn148:34.6 mn148:34.7 mn148:34.8,839,1077,1184,1242
mn148:40,MN,mn148,1,mn148:40.1,180,134,248,233
mn149:11,MN,mn149,13,mn149:11.1 mn149:11.2 mn149:11.3 mn149:11.4 mn149:11.5 mn149:11.6 mn149:11.7 mn149:11.8 mn149:11.9 mn149:11.10 mn149:11.11 mn149:11.12 mn149:11.13,565,788,873,906
mn149:2,MN,mn149,4,mn149:2.1 mn149:2.2 mn149:2.3 mn149:2.4,175,191,178,186
mn149:3,MN,mn149,7,mn149:3.1 mn149:3.2 mn149:3.3 mn149:3.4 mn149:3.5 mn149:3.6 mn149:3.7,943,613,987,1110
mn149:8,MN,mn149,6,mn149:8.1 mn149:8.2 mn149:8.3 mn149:8.4 mn149:8.5 mn149:8.6,444,396,468,472
mn149:9,MN,mn149,7,mn149:9.1 mn149:9.2 mn149:9.3 mn149:9.4 mn149:9.5 mn149:9.6 mn149:9.7,941,614,1012,1081
mn19:11,MN,mn19,4,mn19:11.1 mn19:11.2 mn19:11.3 mn19:11.4,472,510,599,549
mn19:12,MN,mn19,4,mn19:12.1 mn19:12.2 mn19:12.3 mn19:12.4,254,310,219,327
mn19:13,MN,mn19,1,mn19:13.1,137,169,141,149
mn19:14,MN,mn19,1,mn19:14.1,147,223,192,118
mn19:24,MN,mn19,2,mn19:24.1 mn19:24.2,180,227,205,229
mn19:25,MN,mn19,8,mn19:25.1 mn19:25.2 mn19:25.3 mn19:25.4 mn19:25.5 mn19:25.6 mn19:25.7 mn19:25.8,726,687,904,700
mn19:26,MN,mn19,13,mn19:26.1 mn19:26.2 mn19:26.3 mn19:26.4 mn19:26.5 mn19:26.6 mn19:26.7 mn19:26.8 mn19:26.9 mn19:26.10 mn19:26.11 mn19:26.12 mn19:26.13,1095,1105,1126,1068
mn19:3,MN,mn19,9,mn19:3.1 mn19:3.2 mn19:3.3 mn19:3.4 mn19:3.5 mn19:3.6 mn19:3.7 mn19:3.8 mn19:3.9,770,674,755,752
mn19:6,MN,mn19,4,mn19:6.1 mn19:6.2 mn19:6.3 mn19:6.4,458,468,592,547
mn19:7,MN,mn19,5,mn19:7.1 mn19:7.2 mn19:7.3 mn19:7.4 mn19:7.5,430,524,527,485
mn19:8,MN,mn19,13,mn19:8.1 mn19:8.2 mn19:8.3 mn19:8.4 mn19:8.5 mn19:8.6 mn19:8.7 mn19:8.8 mn19:8.9 mn19:8.10 mn19:8.11 mn19:8.12 mn19:8.13,889,745,794,777
mn1:1,MN,mn1,6,mn1:1.1 mn1:1.2 mn1:1.3 mn1:1.4 mn1:1.5 mn1:1.6,204,243,239,237
mn1:10,MN,mn1,4,mn1:10.1 mn1:10.2 mn1:10.3 mn1:10.4,201,200,283,275
mn1:11,MN,mn1,4,mn1:11.1 mn1:11.2 mn1:11.3 mn1:11.4,221,276,361,491
mn1:123,MN,mn1,4,mn1:123.1 mn1:123.2 mn1:123.3 mn1:123.4,366,587,544,599
mn1:13,MN,mn1,4,mn1:13.1 mn1:13.2 mn1:13.3 mn1:13.4,230,256,379,428
mn1:14,MN,mn1,4,mn1:14.1 mn1:14.2 mn1:14.3 mn1:14.4,210,210,333,329
mn1:147,MN,mn1,4,mn1:147.1 mn1:147.2 mn1:147.3 mn1:147.4,278,396,367,408
mn1:171,MN,mn1,6,mn1:171.1 mn1:171.2 mn1:171.3 mn1:171.4 mn1:171.5 mn1:171.6,455,647,660,707
mn1:19,MN,mn1,4,mn1:19.1 mn1:19.2 mn1:19.3 mn1:19.4,201,179,301,304
mn1:2,MN,mn1,4,mn1:2.1 mn1:2.2 mn1:2.3 mn1:2.4,182,173,175,185
mn1:20,MN,mn1,4,mn1:20.1 mn1:20.2 mn1:20.3 mn1:20.4,183,184,310,313
mn1:22,MN,mn1,4,mn1:22.1 mn1:22.2 mn1:22.3 mn1:22.4,210,184,337,340
mn1:23,MN,mn1,4,mn1:23.1 mn1:23.2 mn1:23.3 mn1:23.4,201,174,305,277
mn1:24,MN,mn1,4,mn1:24.1 mn1:24.2 mn1:24.3 mn1:24.4,210,184,323,313
mn1:25,MN,mn1,4,mn1:25.1 mn1:25.2 mn1:25.3 mn1:25.4,192,154,278,259
mn1:27,MN,mn1,4,mn1:27.1 mn1:27.2 mn1:27.3 mn1:27.4,312,446,418,483
mn1:3,MN,mn1,5,mn1:3.1 mn1:3.2 mn1:3.3 mn1:3.4 mn1:3.5,382,516,521,488
mn1:4,MN,mn1,4,mn1:4.1 mn1:4.2 mn1:4.3 mn1:4.4,174,164,274,277
mn1:5,MN,mn1,4,mn1:5.1 mn1:5.2 mn1:5.3 mn1:5.4,183,159,265,268
mn1:51,MN,mn1,4,mn1:51.1 mn1:51.2 mn1:51.3 mn1:51.4,367,574,512,572
mn1:7,MN,mn1,4,mn1:7.1 mn1:7.2 mn1:7.3 mn1:7.4,185,186,283,275
mn1:8,MN,mn1,4,mn1:8.1 mn1:8.2 mn1:8.3 mn1:8.4,176,161,274,257
mn1:9,MN,mn1,4,mn1:9.1 mn1:9.2 mn1:9.3 mn1:9.4,219,210,301,293
mn20:2,MN,mn20,2,mn20:2.1 mn20:2.2,108,115,125,131
mn22:12,MN,mn22,2,mn22:12.1 mn22:12.2,200,200,226,216
mn22:14,MN,mn22,1,mn22:14.1,92,115,120,149
mn22:18,MN,mn22,8,mn22:18.1 mn22:18.2 mn22:18.3 mn22:18.4 mn22:18.5 mn22:18.6 mn22:18.7 mn22:18.8,377,433,437,472
mn22:19,MN,mn22,7,mn22:19.1 mn22:19.2 mn22:19.3 mn22:19.4 mn22:19.5 mn22:19.6 mn22:19.7,342,391,412,438
mn22:20,MN,mn22,9,mn22:20.1 mn22:20.2 mn22:20.3 mn22:20.4 mn22:20.5 mn22:20.6 mn22:20.7 mn22:20.8 mn22:20.9,695,852,903,887
mn22:23,MN,mn22,5,mn22:23.1 mn22:23.2 mn22:23.3 mn22:23.4 mn22:23.5,446,241,464,364
mn22:24,MN,mn22,5,mn22:24.1 mn22:24.2 mn22:24.3 mn22:24.4 mn22:24.5,439,232,420,379
mn22:25,MN,mn22,8,mn22:25.1 mn22:25.2 mn22:25.3 mn22:25.4 mn22:25.5 mn22:25.6 mn22:25.7 mn22:25.8,464,537,629,632
mn22:27,MN,mn22,5,mn22:27.1 mn22:27.2 mn22:27.3 mn22:27.4 mn22:27.5,560,562,638,665
mn22:28,MN,mn22,1,mn22:28.1,152,118,206,212
mn22:29,MN,mn22,2,mn22:29.1 mn22:29.2,159,279,241,304
mn22:30,MN,mn22,1,mn22:30.1,163,241,203,236
mn22:31,MN,mn22,3,mn22:31.1 mn22:31.2 mn22:31.3,217,249,289,290
mn22:32,MN,mn22,3,mn22:32.1 mn22:32.2 mn22:32.3,237,281,322,326
mn22:33,MN,mn22,3,mn22:33.1 mn22:33.2 mn22:33.3,208,247,281,239
mn22:34,MN,mn22,3,mn22:34.1 mn22:34.2 mn22:34.3,241,247,289,229
mn22:35,MN,mn22,3,mn22:35.1 mn22:35.2 mn22:35.3,267,341,354,339
mn22:38,MN,mn22,3,mn22:38.1 mn22:38.2 mn22:38.3,359,233,294,363
mn22:39,MN,mn22,4,mn22:39.1 mn22:39.2 mn22:39.3 mn22:39.4,494,373,444,495
mn22:40,MN,mn22,2,mn22:40.1 mn22:40.2,108,104,123,145
mn22:42,MN,mn22,2,mn22:42.1 mn22:42.2,320,463,441,486
mn22:43,MN,mn22,2,mn22:43.1 mn22:43.2,282,203,339,371
mn22:44,MN,mn22,2,mn22:44.1 mn22:44.2,301,228,379,335
mn22:45,MN,mn22,2,mn22:45.1 mn22:45.2,262,178,321,322
mn22:46,MN,mn22,2,mn22:46.1 mn22:46.2,227,144,257,258
mn22:6,MN,mn22,15,mn22:6.1 mn22:6.2 mn22:6.3 mn22:6.4 mn22:6.5 mn22:6.6 mn22:6.7 mn22:6.8 mn22:6.9 mn22:6.10 mn22:6.11 mn22:6.12 mn22:6.13 mn22:6.14 mn22:6.15,822,846,779,1053
mn22:7,MN,mn22,9,mn22:7.1 mn22:7.2 mn22:7.3 mn22:7.4 mn22:7.5 mn22:7.6 mn22:7.7 mn22:7.8 mn22:7.9,610,455,659,569
mn22:9,MN,mn22,1,mn22:9.1,122,134,144,169
mn26:10,MN,mn26,4,mn26:10.1 mn26:10.2 mn26:10.3 mn26:10.4,316,357,446,403
mn26:11,MN,mn26,5,mn26:11.1 mn26:11.2 mn26:11.3 mn26:11.4 mn26:11.5,433,424,546,472
mn26:13,MN,mn26,4,mn26:13.1 mn26:13.2 mn26:13.3 mn26:13.4,1351,590,993,1040
mn26:14,MN,mn26,1,mn26:14.1,245,275,316,291
mn26:17,MN,mn26,7,mn26:17.1 mn26:17.2 mn26:17.3 mn26:17.4 mn26:17.5 mn26:17.6 mn26:17.7,570,675,669,654
mn26:21,MN,mn26,10,mn26:21.1 mn26:21.2 mn26:21.3 mn26:21.4 mn26:21.5 mn26:21.6 mn26:21.7 mn26:21.8 mn26:21.9 mn26:21.10,1422,1371,1399,1525
mn26:25,MN,mn26,27,mn26:25.1 mn26:25.2 mn26:25.3 mn26:25.4 mn26:25.5 mn26:25.6 mn26:25.7 mn26:25.8 mn26:25.9 mn26:25.10 mn26:25.11 mn26:25.12 mn26:25.13 mn26:25.14 mn26:25.15 mn26:25.16 mn26:25.17 mn26:25.18 mn26:25.19 mn26:25.20 mn26:25.21 mn26:25.22 mn26:25.23 mn26:25.24 mn26:25.25 mn26:25.26 mn26:25.27,1030,1202,1175,1228
mn26:26,MN,mn26,9,mn26:26.1 mn26:26.2 mn26:26.3 mn26:26.4 mn26:26.5 mn26:26.6 mn26:26.7 mn26:26.8 mn26:26.9,759,748,750,754
mn26:28,MN,mn26,6,mn26:28.1 mn26:28.2 mn26:28.3 mn26:28.4 mn26:28.5 mn26:28.6,508,519,520,538
mn26:29,MN,mn26,5,mn26:29.1 mn26:29.2 mn26:29.3 mn26:29.4 mn26:29.5,342,348,284,382
mn26:30,MN,mn26,3,mn26:30.1 mn26:30.2 mn26:30.3,766,707,750,814
mn26:31,MN,mn26,8,mn26:31.1 mn26:31.2 mn26:31.3 mn26:31.4 mn26:31.5 mn26:31.6 mn26:31.7 mn26:31.8,303,412,660,499
mn26:34,MN,mn26,5,mn26:34.1 mn26:34.2 mn26:34.3 mn26:34.4 mn26:34.5,462,539,532,558
mn26:35,MN,mn26,2,mn26:35.1 mn26:35.2,219,327,281,296
mn26:36,MN,mn26,2,mn26:36.1 mn26:36.2,257,326,284,343
mn26:37,MN,mn26,2,mn26:37.1 mn26:37.2,231,280,258,284
mn26:38,MN,mn26,2,mn26:38.1 mn26:38.2,218,302,325,308
mn26:39,MN,mn26,2,mn26:39.1 mn26:39.2,173,234,248,219
mn26:4,MN,mn26,13,mn26:4.1 mn26:4.2 mn26:4.3 mn26:4.4 mn26:4.5 mn26:4.6 mn26:4.7 mn26:4.8 mn26:4.9 mn26:4.10 mn26:4.11 mn26:4.12 mn26:4.13,914,932,996,963
mn26:40,MN,mn26,2,mn26:40.1 mn26:40.2,168,229,230,193
mn26:41,MN,mn26,2,mn26:41.1 mn26:41.2,157,206,202,177
mn26:5,MN,mn26,4,mn26:5.1 mn26:5.2 mn26:5.3 mn26:5.4,478,333,389,581
mn26:6,MN,mn26,4,mn26:6.1 mn26:6.2 mn26:6.3 mn26:6.4,345,394,392,414
mn27:12,MN,mn27,7,mn27:12.1 mn27:12.2 mn27:12.3 mn27:12.4 mn27:12.5 mn27:12.6 mn27:12.7,682,637,652,697
mn27:13,MN,mn27,26,mn27:13.1 mn27:13.2 mn27:13.3 mn27:13.4 mn27:13.5 mn27:13.6 mn27:13.7 mn27:13.8 mn27:13.9 mn27:13.10 mn27:13.11 mn27:13.12 mn27:13.13 mn27:13.14 mn27:13.15 mn27:13.16 mn27:13.17 mn27:13.18 mn27:13.19 mn27:13.20 mn27:13.21 mn27:13.22 mn27:13.23 mn27:13.24 mn27:13.25 mn27:13.26,1953,2014,2504,2625
mn27:14,MN,mn27,4,mn27:14.1 mn27:14.2 mn27:14.3 mn27:14.4,414,494,447,500
mn27:15,MN,mn27,9,mn27:15.1 mn27:15.2 mn27:15.3 mn27:15.4 mn27:15.5 mn27:15.6 mn27:15.7 mn27:15.8 mn27:15.9,709,931,725,871
mn27:16,MN,mn27,1,mn27:16.1,326,338,385,545
mn27:17,MN,mn27,2,mn27:17.1 mn27:17.2,303,321,298,322
mn27:18,MN,mn27,6,mn27:18.1 mn27:18.2 mn27:18.3 mn27:18.4 mn27:18.5 mn27:18.6,643,866,907,873
mn27:19,MN,mn27,5,mn27:19.1 mn27:19.2 mn27:19.3 mn27:19.4 mn27:19.5,434,631,635,622
mn27:2,MN,mn27,12,mn27:2.1 mn27:2.2 mn27:2.3 mn27:2.4 mn27:2.5 mn27:2.6 mn27:2.7 mn27:2.8 mn27:2.9 mn27:2.10 mn27:2.11 mn27:2.12,864,847,884,886
mn27:20,MN,mn27,3,mn27:20.1 mn27:20.2 mn27:20.3,250,340,346,347
mn27:21,MN,mn27,3,mn27:21.1 mn27:21.2 mn27:21.3,288,339,350,394
mn27:22,MN,mn27,4,mn27:22.1 mn27:22.2 mn27:22.3 mn27:22.4,431,293,543,483
mn27:3,MN,mn27,6,mn27:3.1 mn27:3.2 mn27:3.3 mn27:3.4 mn27:3.5 mn27:3.6,372,421,459,446
mn27:4,MN,mn27,16,mn27:4.1 mn27:4.2 mn27:4.3 mn27:4.4 mn27:4.5 mn27:4.6 mn27:4.7 mn27:4.8 mn27:4.9 mn27:4.10 mn27:4.11 mn27:4.12 mn27:4.13 mn27:4.14 mn27:4.15 mn27:4.16,1070,999,1229,1283
mn27:9,MN,mn27,9,mn27:9.1 mn27:9.2 mn27:9.3 mn27:9.4 mn27:9.5 mn27:9.6 mn27:9.7 mn27:9.8 mn27:9.9,611,517,602,537
mn28:1,MN,mn28,6,mn28:1.1 mn28:1.2 mn28:1.3 mn28:1.4 mn28:1.5 mn28:1.6,248,229,241,251
mn28:10,MN,mn28,9,mn28:10.1 mn28:10.2 mn28:10.3 mn28:10.4 mn28:10.5 mn28:10.6 mn28:10.7 mn28:10.8 mn28:10.9,1039,691,1182,1159
mn28:12,MN,mn28,8,mn28:12.1 mn28:12.2 mn28:12.3 mn28:12.4 mn28:12.5 mn28:12.6 mn28:12.7 mn28:12.8,1425,909,1011,979
mn28:13,MN,mn28,1,mn28:13.1,121,142,118,131
mn28:14,MN,mn28,1,mn28:14.1,156,167,157,162
mn28:17,MN,mn28,6,mn28:17.1 mn28:17.2 mn28:17.3 mn28:17.4 mn28:17.5 mn28:17.6,612,638,711,620
mn28:18-20,MN,mn28,2,mn28:18-20.1 mn28:18-20.2,238,221,231,222
mn28:2,MN,mn28,4,mn28:2.1 mn28:2.2 mn28:2.3 mn28:2.4,390,385,490,485
mn28:22,MN,mn28,5,mn28:22.1 mn28:22.2 mn28:22.3 mn28:22.4 mn28:22.5,584,549,619,575
mn28:23,MN,mn28,7,mn28:23.1 mn28:23.2 mn28:23.3 mn28:23.4 mn28:23.5 mn28:23.6 mn28:23.7,417,415,476,592
mn28:24,MN,mn28,5,mn28:24.1 mn28:24.2 mn28:24.3 mn28:24.4 mn28:24.5,795,738,939,815
mn28:26,MN,mn28,2,mn28:26.1 mn28:26.2,271,202,244,223
mn28:27,MN,mn28,3,mn28:27.1 mn28:27.2 mn28:27.3,509,577,564,625
mn28:28,MN,mn28,10,mn28:28.1 mn28:28.2 mn28:28.3 mn28:28.4 mn28:28.5 mn28:28.6 mn28:28.7 mn28:28.8 mn28:28.9 mn28:28.10,869,837,1137,1248
mn28:3,MN,mn28,4,mn28:3.1 mn28:3.2 mn28:3.3 mn28:3.4,368,417,473,579
mn28:37,MN,mn28,1,mn28:37.1,143,185,198,222
mn28:7,MN,mn28,4,mn28:7.1 mn28:7.2 mn28:7.3 mn28:7.4,403,367,443,370
mn29:1,MN,mn29,3,mn29:1.1 mn29:1.2 mn29:1.3,154,194,197,217
mn29:3,MN,mn29,17,mn29:3.1 mn29:3.2 mn29:3.3 mn29:3.4 mn29:3.5 mn29:3.6 mn29:3.7 mn29:3.8 mn29:3.9 mn29:3.10 mn29:3.11 mn29:3.12 mn29:3.13 mn29:3.14 mn29:3.15 mn29:3.16 mn29:3.17,1530,1420,2110,1946
mn2:10,MN,mn2,11,mn2:10.1 mn2:10.2 mn2:10.3 mn2:10.4 mn2:10.5 mn2:10.6 mn2:10.7 mn2:10.8 mn2:10.9 mn2:10.10 mn2:10.11,892,863,1176,1088
mn2:11,MN,mn2,4,mn2:11.1 mn2:11.2 mn2:11.3 mn2:11.4,350,389,368,427
mn2:12,MN,mn2,12,mn2:12.0 mn2:12.1 mn2:12.2 mn2:12.3 mn2:12.4 mn2:12.5 mn2:12.6 mn2:12.7 mn2:12.8 mn2:12.9 mn2:12.10 mn2:12.11,939,859,990,954
mn2:14,MN,mn2,2,mn2:14.1 mn2:14.2,300,355,409,392
mn2:16,MN,mn2,2,mn2:16.1 mn2:16.2,148,162,185,139
mn2:17,MN,mn2,2,mn2:17.1 mn2:17.2,176,211,210,220
mn2:3,MN,mn2,5,mn2:3.1 mn2:3.2 mn2:3.3 mn2:3.4 mn2:3.5,393,415,402,347
mn2:6,MN,mn2,10,mn2:6.1 mn2:6.2 mn2:6.3 mn2:6.4 mn2:6.5 mn2:6.6 mn2:6.7 mn2:6.8 mn2:6.9 mn2:6.10,740,688,976,942
mn2:7,MN,mn2,6,mn2:7.1 mn2:7.2 mn2:7.3 mn2:7.4 mn2:7.5 mn2:7.6,777,681,586,639
mn2:8,MN,mn2,11,mn2:8.1 mn2:8.2 mn2:8.3 mn2:8.4 mn2:8.5 mn2:8.6 mn2:8.7 mn2:8.8 mn2:8.9 mn2:8.10 mn2:8.11,950,964,1116,1092
mn2:9,MN,mn2,4,mn2:9.1 mn2:9.2 mn2:9.3 mn2:9.4,412,426,404,393
mn31:10,MN,mn31,5,mn31:10.1 mn31:10.2 mn31:10.3 mn31:10.4 mn31:10.5,518,637,661,685
mn31:11-13,MN,mn31,5,mn31:11-13.1 mn31:11-13.2 mn31:11-13.3 mn31:11-13.4 mn31:11-13.5,561,523,695,624
mn31:14,MN,mn31,5,mn31:14.1 mn31:14.2 mn31:14.3 mn31:14.4 mn31:14.5,601,520,699,573
mn31:15,MN,mn31,5,mn31:15.1 mn31:15.2 mn31:15.3 mn31:15.4 mn31:15.5,575,470,668,575
mn31:16,MN,mn31,5,mn31:16.1 mn31:16.2 mn31:16.3 mn31:16.4 mn31:16.5,560,497,739,600
mn31:19,MN,mn31,1,mn31:19.1,173,174,164,208
mn31:2,MN,mn31,1,mn31:2.1,109,112,131,149
mn31:3,MN,mn31,6,mn31:3.1 mn31:3.2 mn31:3.3 mn31:3.4 mn31:3.5 mn31:3.6,290,302,341,296
mn31:4,MN,mn31,6,mn31:4.1 mn31:4.2 mn31:4.3 mn31:4.4 mn31:4.5 mn31:4.6,405,315,416,369
mn31:5,MN,mn31,8,mn31:5.1 mn31:5.2 mn31:5.3 mn31:5.4 mn31:5.5 mn31:5.6 mn31:5.7 mn31:5.8,551,538,597,592
mn31:6,MN,mn31,3,mn31:6.1 mn31:6.2 mn31:6.3,379,232,454,365
mn31:9,MN,mn31,9,mn31:9.1 mn31:9.2 mn31:9.3 mn31:9.4 mn31:9.5 mn31:9.6 mn31:9.7 mn31:9.8 mn31:9.9,940,884,1114,1019
mn36:1,MN,mn36,2,mn36:1.1 mn36:1.2,81,119,114,123
mn36:10,MN,mn36,5,mn36:10.1 mn36:10.2 mn36:10.3 mn36:10.4 mn36:10.5,438,390,496,450
mn36:12,MN,mn36,5,mn36:12.1 mn36:12.2 mn36:12.3 mn36:12.4 mn36:12.5,378,410,458,419
mn36:2,MN,mn36,1,mn36:2.1,111,126,147,156
mn36:20,MN,mn36,8,mn36:20.1 mn36:20.2 mn36:20.3 mn36:20.4 mn36:20.5 mn36:20.6 mn36:20.7 mn36:20.8,1020,744,820,863
mn36:26,MN,mn36,6,mn36:26.1 mn36:26.2 mn36:26.3 mn36:26.4 mn36:26.5 mn36:26.6,300,235,205,254
mn36:27,MN,mn36,8,mn36:27.1 mn36:27.2 mn36:27.3 mn36:27.4 mn36:27.5 mn36:27.6 mn36:27.7 mn36:27.8,612,458,477,466
mn36:28,MN,mn36,13,mn36:28.1 mn36:28.2 mn36:28.3 mn36:28.4 mn36:28.5 mn36:28.6 mn36:28.7 mn36:28.8 mn36:28.9 mn36:28.10 mn36:28.11 mn36:28.12 mn36:28.13,1803,1155,1226,1364
mn36:29,MN,mn36,4,mn36:29.1 mn36:29.2 mn36:29.3 mn36:29.4,341,283,328,309
mn36:3,MN,mn36,8,mn36:3.1 mn36:3.2 mn36:3.3 mn36:3.4 mn36:3.5 mn36:3.6 mn36:3.7 mn36:3.8,731,668,758,723
mn36:30,MN,mn36,6,mn36:30.1 mn36:30.2 mn36:30.3 mn36:30.4 mn36:30.5 mn36:30.6,587,400,725,692
mn36:32,MN,mn36,4,mn36:32.1 mn36:32.2 mn36:32.3 mn36:32.4,283,260,257,235
mn36:34,MN,mn36,2,mn36:34.1 mn36:34.2,274,330,333,359
mn36:38,MN,mn36,2,mn36:38.1 mn36:38.2,289,260,244,246
mn36:39,MN,mn36,3,mn36:39.1 mn36:39.2 mn36:39.3,268,284,286,308
mn36:4,MN,mn36,14,mn36:4.1 mn36:4.2 mn36:4.3 mn36:4.4 mn36:4.5 mn36:4.6 mn36:4.7 mn36:4.8 mn36:4.9 mn36:4.10 mn36:4.11 mn36:4.12 mn36:4.13 mn36:4.14,1071,1088,1274,1119
mn36:40,MN,mn36,2,mn36:40.1 mn36:40.2,325,462,323,463
mn36:42,MN,mn36,3,mn36:42.1 mn36:42.2 mn36:42.3,556,577,549,552
mn36:43,MN,mn36,3,mn36:43.1 mn36:43.2 mn36:43.3,257,314,334,357
mn36:45,MN,mn36,8,mn36:45.1 mn36:45.2 mn36:45.3 mn36:45.4 mn36:45.5 mn36:45.6 mn36:45.7 mn36:45.8,584,618,649,657
mn36:46,MN,mn36,7,mn36:46.1 mn36:46.2 mn36:46.3 mn36:46.4 mn36:46.5 mn36:46.6 mn36:46.7,502,500,542,526
mn36:47,MN,mn36,7,mn36:47.1 mn36:47.2 mn36:47.3 mn36:47.4 mn36:47.5 mn36:47.6 mn36:47.7,836,961,1214,997
mn36:5,MN,mn36,8,mn36:5.1 mn36:5.2 mn36:5.3 mn36:5.4 mn36:5.5 mn36:5.6 mn36:5.7 mn36:5.8,941,1133,1129,1110
mn36:6,MN,mn36,7,mn36:6.1 mn36:6.2 mn36:6.3 mn36:6.4 mn36:6.5 mn36:6.6 mn36:6.7,539,494,580,563
mn36:8,MN,mn36,8,mn36:8.1 mn36:8.2 mn36:8.3 mn36:8.4 mn36:8.5 mn36:8.6 mn36:8.7 mn36:8.8,829,693,815,948
mn36:9,MN,mn36,8,mn36:9.1 mn36:9.2 mn36:9.3 mn36:9.4 mn36:9.5 mn36:9.6 mn36:9.7 mn36:9.8,856,705,822,976
mn38:10,MN,mn38,6,mn38:10.1 mn38:10.2 mn38:10.3 mn38:10.4 mn38:10.5 mn38:10.6,294,332,315,397
mn38:11,MN,mn38,6,mn38:11.1 mn38:11.2 mn38:11.3 mn38:11.4 mn38:11.5 mn38:11.6,366,392,498,492
mn38:12,MN,mn38,6,mn38:12.1 mn38:12.2 mn38:12.3 mn38:12.4 mn38:12.5 mn38:12.6,272,278,330,282
mn38:13,MN,mn38,6,mn38:13.1 mn38:13.2 mn38:13.3 mn38:13.4 mn38:13.5 mn38:13.6,293,344,492,385
mn38:14,MN,mn38,4,mn38:14.1 mn38:14.2 mn38:14.3 mn38:14.4,479,480,496,597
mn38:15,MN,mn38,3,mn38:15.1 mn38:15.2 mn38:15.3,203,240,286,310
mn38:17,MN,mn38,12,mn38:17.1 mn38:17.2 mn38:17.3 mn38:17.4 mn38:17.5 mn38:17.6 mn38:17.7 mn38:17.8 mn38:17.9 mn38:17.10 mn38:17.11 mn38:17.12,394,640,794,585
mn38:19,MN,mn38,15,mn38:19.1 mn38:19.2 mn38:19.3 mn38:19.4 mn38:19.5 mn38:19.6 mn38:19.7 mn38:19.8 mn38:19.9 mn38:19.10 mn38:19.11 mn38:19.12 mn38:19.13 mn38:19.14 mn38:19.15,517,772,956,723
mn38:2,MN,mn38,2,mn38:2.1 mn38:2.2,209,224,236,252
mn38:20,MN,mn38,12,mn38:20.1 mn38:20.2 mn38:20.3 mn38:20.4 mn38:20.5 mn38:20.6 mn38:20.7 mn38:20.8 mn38:20.9 mn38:20.10 mn38:20.11 mn38:20.12,459,637,912,785
mn38:22,MN,mn38,15,mn38:22.1 mn38:22.2 mn38:22.3 mn38:22.4 mn38:22.5 mn38:22.6 mn38:22.7 mn38:22.8 mn38:22.9 mn38:22.10 mn38:22.11 mn38:22.12 mn38:22.13 mn38:22.14 mn38:22.15,590,751,1043,909
mn38:23,MN,mn38,6,mn38:23.1 mn38:23.2 mn38:23.3 mn38:23.4 mn38:23.5 mn38:23.6,635,562,477,518
mn38:25,MN,mn38,3,mn38:25.1 mn38:25.2 mn38:25.3,290,417,358,410
mn38:26,MN,mn38,4,mn38:26.1 mn38:26.2 mn38:26.3 mn38:26.4,479,626,584,609
mn38:27,MN,mn38,4,mn38:27.1 mn38:27.2 mn38:27.3 mn38:27.4,318,333,338,351
mn38:28,MN,mn38,2,mn38:28.1 mn38:28.2,203,171,180,174
mn38:39,MN,mn38,5,mn38:39.1 mn38:39.2 mn38:39.3 mn38:39.4 mn38:39.5,419,487,941,562
mn38:6,MN,mn38,9,mn38:6.1 mn38:6.2 mn38:6.3 mn38:6.4 mn38:6.5 mn38:6.6 mn38:6.7 mn38:6.8 mn38:6.9,582,449,622,537
mn38:7,MN,mn38,9,mn38:7.1 mn38:7.2 mn38:7.3 mn38:7.4 mn38:7.5 mn38:7.6 mn38:7.7 mn38:7.8 mn38:7.9,775,722,972,844
mn38:9,MN,mn38,6,mn38:9.1 mn38:9.2 mn38:9.3 mn38:9.4 mn38:9.5 mn38:9.6,212,223,251,294
mn41:1,MN,mn41,2,mn41:1.1 mn41:1.2,143,191,190,197
mn41:10,MN,mn41,7,mn41:10.1 mn41:10.2 mn41:10.3 mn41:10.4 mn41:10.5 mn41:10.6 mn41:10.7,906,1026,1105,1171
mn41:12,MN,mn41,5,mn41:12.1 mn41:12.2 mn41:12.3 mn41:12.4 mn41:12.5,713,834,956,918
mn41:13,MN,mn41,6,mn41:13.1 mn41:13.2 mn41:13.3 mn41:13.4 mn41:13.5 mn41:13.6,1190,1239,1634,1642
mn41:14,MN,mn41,7,mn41:14.1 mn41:14.2 mn41:14.3 mn41:14.4 mn41:14.5 mn41:14.6 mn41:14.7,863,1005,1164,1187
mn41:15,MN,mn41,5,mn41:15.1 mn41:15.2 mn41:15.3 mn41:15.4 mn41:15.5,295,263,373,434
mn41:3,MN,mn41,1,mn41:3.1,491,316,563,527
mn41:4,MN,mn41,2,mn41:4.1 mn41:4.2,266,357,372,369
mn41:43,MN,mn41,5,mn41:43.1 mn41:43.2 mn41:43.3 mn41:43.4 mn41:43.5,388,336,576,622
mn41:5,MN,mn41,2,mn41:5.1 mn41:5.2,273,337,369,484
mn41:6,MN,mn41,5,mn41:6.1 mn41:6.2 mn41:6.3 mn41:6.4 mn41:6.5,453,303,508,398
mn41:8,MN,mn41,5,mn41:8.1 mn41:8.2 mn41:8.3 mn41:8.4 mn41:8.5,622,766,766,737
mn41:9,MN,mn41,6,mn41:9.1 mn41:9.2 mn41:9.3 mn41:9.4 mn41:9.5 mn41:9.6,1087,1203,1571,1483
mn4:20,MN,mn4,21,mn4:20.1 mn4:20.2 mn4:20.3 mn4:20.4 mn4:20.5 mn4:20.6 mn4:20.7 mn4:20.8 mn4:20.9 mn4:20.10 mn4:20.11 mn4:20.12 mn4:20.13 mn4:20.14 mn4:20.15 mn4:20.16 mn4:20.17 mn4:20.18 mn4:20.19 mn4:20.20 mn4:20.21,1681,1308,1544,1431
mn4:22-26,MN,mn4,5,mn4:22-26.1 mn4:22-26.2 mn4:22-26.3 mn4:22-26.4 mn4:22-26.5,772,1110,986,1110
mn4:27,MN,mn4,2,mn4:27.1 mn4:27.2,797,1010,918,1047
mn4:28,MN,mn4,2,mn4:28.1 mn4:28.2,179,228,205,230
mn4:29,MN,mn4,2,mn4:29.1 mn4:29.2,957,1271,656,1272
mn4:3,MN,mn4,3,mn4:3.1 mn4:3.2 mn4:3.3,263,302,330,324
mn4:30,MN,mn4,2,mn4:30.1 mn4:30.2,179,230,207,232
mn4:34,MN,mn4,5,mn4:34.1 mn4:34.2 mn4:34.3 mn4:34.4 mn4:34.5,384,400,464,445
mn4:4,MN,mn4,6,mn4:4.1 mn4:4.2 mn4:4.3 mn4:4.4 mn4:4.5 mn4:4.6,582,653,667,618
mn4:5,MN,mn4,4,mn4:5.1 mn4:5.2 mn4:5.3 mn4:5.4,289,247,320,308
mn4:6,MN,mn4,2,mn4:6.1 mn4:6.2,105,126,149,128
mn4:7,MN,mn4,2,mn4:7.1 mn4:7.2,201,218,237,213
mn52:1,MN,mn52,3,mn52:1.1 mn52:1.2 mn52:1.3,180,210,194,210
mn52:12,MN,mn52,6,mn52:12.1 mn52:12.2 mn52:12.3 mn52:12.4 mn52:12.5 mn52:12.6,419,495,775,635
mn52:14,MN,mn52,7,mn52:14.1 mn52:14.2 mn52:14.3 mn52:14.4 mn52:14.5 mn52:14.6 mn52:14.7,820,1010,1122,1100
mn52:15,MN,mn52,6,mn52:15.1 mn52:15.2 mn52:15.3 mn52:15.4 mn52:15.5 mn52:15.6,671,711,684,683
mn52:2,MN,mn52,4,mn52:2.1 mn52:2.2 mn52:2.3 mn52:2.4,398,272,283,295
mn52:3,MN,mn52,4,mn52:3.1 mn52:3.2 mn52:3.3 mn52:3.4,1152,553,698,680
mn52:4,MN,mn52,7,mn52:4.1 mn52:4.2 mn52:4.3 mn52:4.4 mn52:4.5 mn52:4.6 mn52:4.7,833,1058,1181,1153
mn52:8,MN,mn52,6,mn52:8.1 mn52:8.2 mn52:8.3 mn52:8.4 mn52:8.5 mn52:8.6,523,524,874,751
mn54:18,MN,mn54,11,mn54:18.1 mn54:18.2 mn54:18.3 mn54:18.4 mn54:18.5 mn54:18.6 mn54:18.7 mn54:18.8 mn54:18.9 mn54:18.10 mn54:18.11,706,561,1032,885
mn54:23,MN,mn54,1,mn54:23.1,246,332,226,332
mn54:24,MN,mn54,1,mn54:24.1,197,253,155,287
mn60:10,MN,mn60,5,mn60:10.1 mn60:10.2 mn60:10.3 mn60:10.4 mn60:10.5,527,479,947,474
mn60:12,MN,mn60,7,mn60:12.1 mn60:12.2 mn60:12.3 mn60:12.4 mn60:12.5 mn60:12.6 mn60:12.7,679,829,1003,877
mn60:13,MN,mn60,6,mn60:13.1 mn60:13.2 mn60:13.3 mn60:13.4 mn60:13.5 mn60:13.6,853,985,1300,1321
mn60:14,MN,mn60,9,mn60:14.1 mn60:14.2 mn60:14.3 mn60:14.4 mn60:14.5 mn60:14.6 mn60:14.7 mn60:14.8 mn60:14.9,984,1094,1476,1497
mn60:16,MN,mn60,8,mn60:16.1 mn60:16.2 mn60:16.3 mn60:16.4 mn60:16.5 mn60:16.6 mn60:16.7 mn60:16.8,788,1028,1029,987
mn60:17,MN,mn60,8,mn60:17.1 mn60:17.2 mn60:17.3 mn60:17.4 mn60:17.5 mn60:17.6 mn60:17.7 mn60:17.8,790,992,1048,1059
mn60:19,MN,mn60,8,mn60:19.1 mn60:19.2 mn60:19.3 mn60:19.4 mn60:19.5 mn60:19.6 mn60:19.7 mn60:19.8,778,1024,1018,978
mn60:21,MN,mn60,7,mn60:21.1 mn60:21.2 mn60:21.3 mn60:21.4 mn60:21.5 mn60:21.6 mn60:21.7,458,588,670,570
mn60:22,MN,mn60,11,mn60:22.1 mn60:22.2 mn60:22.3 mn60:22.4 mn60:22.5 mn60:22.6 mn60:22.7 mn60:22.8 mn60:22.9 mn60:22.10 mn60:22.11,601,737,871,805
mn60:29,MN,mn60,2,mn60:29.1 mn60:29.2,91,125,114,128
mn60:30,MN,mn60,6,mn60:30.1 mn60:30.2 mn60:30.3 mn60:30.4 mn60:30.5 mn60:30.6,234,249,343,332
mn60:32,MN,mn60,2,mn60:32.1 mn60:32.2,97,143,125,125
mn60:35,MN,mn60,7,mn60:35.1 mn60:35.2 mn60:35.3 mn60:35.4 mn60:35.5 mn60:35.6 mn60:35.7,612,592,888,786
mn60:36,MN,mn60,4,mn60:36.1 mn60:36.2 mn60:36.3 mn60:36.4,304,364,451,360
mn60:37,MN,mn60,3,mn60:37.1 mn60:37.2 mn60:37.3,248,377,384,242
mn60:38,MN,mn60,4,mn60:38.1 mn60:38.2 mn60:38.3 mn60:38.4,387,636,590,562
mn60:39,MN,mn60,2,mn60:39.1 mn60:39.2,241,236,364,339
mn60:4,MN,mn60,5,mn60:4.1 mn60:4.2 mn60:4.3 mn60:4.4 mn60:4.5,403,365,424,513
mn60:5,MN,mn60,2,mn60:5.1 mn60:5.2,368,442,456,432
mn60:6,MN,mn60,6,mn60:6.1 mn60:6.2 mn60:6.3 mn60:6.4 mn60:6.5 mn60:6.6,504,574,629,663
mn63:8,MN,mn63,3,mn63:8.1 mn63:8.2 mn63:8.3,234,271,271,282
mn64:13,MN,mn64,5,mn64:13.1 mn64:13.2 mn64:13.3 mn64:13.4 mn64:13.5,372,616,733,734
mn64:14,MN,mn64,5,mn64:14.1 mn64:14.2 mn64:14.3 mn64:14.4 mn64:14.5,327,548,541,645
mn64:2,MN,mn64,10,mn64:2.1 mn64:2.2 mn64:2.3 mn64:2.4 mn64:2.5 mn64:2.6 mn64:2.7 mn64:2.8 mn64:2.9 mn64:2.10,816,422,737,775
mn64:4,MN,mn64,6,mn64:4.1 mn64:4.2 mn64:4.3 mn64:4.4 mn64:4.5 mn64:4.6,328,327,388,357
mn64:7,MN,mn64,1,mn64:7.1,206,113,166,199
mn64:9,MN,mn64,9,mn64:9.1 mn64:9.2 mn64:9.3 mn64:9.4 mn64:9.5 mn64:9.6 mn64:9.7 mn64:9.8 mn64:9.9,1057,1350,1385,1439
mn6:14,MN,mn6,1,mn6:14.1,581,537,766,596
mn6:15,MN,mn6,1,mn6:15.1,202,189,369,198
mn6:16,MN,mn6,18,mn6:16.1 mn6:16.2 mn6:16.3 mn6:16.4 mn6:16.5 mn6:16.6 mn6:16.7 mn6:16.8 mn6:16.9 mn6:16.10 mn6:16.11 mn6:16.12 mn6:16.13 mn6:16.14 mn6:16.15 mn6:16.16 mn6:16.17 mn6:16.18,982,917,1208,931
mn6:2,MN,mn6,1,mn6:2.1,179,245,271,230
mn6:3,MN,mn6,1,mn6:3.1,220,264,322,267
mn6:6,MN,mn6,1,mn6:6.1,260,206,364,212
mn6:7,MN,mn6,1,mn6:7.1,188,226,392,200
mn6:8,MN,mn6,1,mn6:8.1,206,205,366,201
mn6:9,MN,mn6,1,mn6:9.1,198,203,380,190
mn70:1,MN,mn70,3,mn70:1.1 mn70:1.2 mn70:1.3,127,168,141,163
mn70:11,MN,mn70,2,mn70:11.1 mn70:11.2,281,290,399,327
mn70:12,MN,mn70,6,mn70:12.1 mn70:12.2 mn70:12.3 mn70:12.4 mn70:12.5 mn70:12.6,443,578,545,571
mn70:13,MN,mn70,5,mn70:13.1 mn70:13.2 mn70:13.3 mn70:13.4 mn70:13.5,574,655,656,682
mn70:14,MN,mn70,3,mn70:14.1 mn70:14.2 mn70:14.3,176,226,258,255
mn70:15,MN,mn70,7,mn70:15.1 mn70:15.2 mn70:15.3 mn70:15.4 mn70:15.5 mn70:15.6 mn70:15.7,392,435,472,458
mn70:17,MN,mn70,8,mn70:17.1 mn70:17.2 mn70:17.3 mn70:17.4 mn70:17.5 mn70:17.6 mn70:17.7 mn70:17.8,716,821,830,810
mn70:2,MN,mn70,5,mn70:2.1 mn70:2.2 mn70:2.3 mn70:2.4 mn70:2.5,454,297,432,365
mn70:20,MN,mn70,9,mn70:20.1 mn70:20.2 mn70:20.3 mn70:20.4 mn70:20.5 mn70:20.6 mn70:20.7 mn70:20.8 mn70:20.9,907,1062,1117,1094
mn70:22,MN,mn70,2,mn70:22.1 mn70:22.2,134,147,159,176
mn70:23,MN,mn70,2,mn70:23.1 mn70:23.2,517,447,788,763
mn70:24,MN,mn70,14,mn70:24.1 mn70:24.2 mn70:24.3 mn70:24.4 mn70:24.5 mn70:24.6 mn70:24.7 mn70:24.8 mn70:24.9 mn70:24.10 mn70:24.11 mn70:24.12 mn70:24.13 mn70:24.14,651,450,643,729
mn70:25,MN,mn70,3,mn70:25.1 mn70:25.2 mn70:25.3,209,237,239,229
mn70:26,MN,mn70,2,mn70:26.1 mn70:26.2,269,325,335,352
mn70:3,MN,mn70,2,mn70:3.1 mn70:3.2,157,134,159,167
mn70:4,MN,mn70,11,mn70:4.1 mn70:4.2 mn70:4.3 mn70:4.4 mn70:4.5 mn70:4.6 mn70:4.7 mn70:4.8 mn70:4.9 mn70:4.10 mn70:4.11,975,880,1112,993
mn70:7,MN,mn70,2,mn70:7.1 mn70:7.2,729,725,872,888
mn75:1,MN,mn75,2,mn75:1.1 mn75:1.2,144,190,203,225
mn75:10,MN,mn75,14,mn75:10.1 mn75:10.2 mn75:10.3 mn75:10.4 mn75:10.5 mn75:10.6 mn75:10.7 mn75:10.8 mn75:10.9 mn75:10.10 mn75:10.11 mn75:10.12 mn75:10.13 mn75:10.14,1132,1276,1443,1451
mn75:12,MN,mn75,10,mn75:12.1 mn75:12.2 mn75:12.3 mn75:12.4 mn75:12.5 mn75:12.6 mn75:12.7 mn75:12.8 mn75:12.9 mn75:12.10,923,952,1200,1102
mn75:13,MN,mn75,10,mn75:13.1 mn75:13.2 mn75:13.3 mn75:13.4 mn75:13.5 mn75:13.6 mn75:13.7 mn75:13.8 mn75:13.9 mn75:13.10,770,1028,895,999
mn75:16,MN,mn75,2,mn75:16.1 mn75:16.2,446,430,519,561
mn75:17,MN,mn75,4,mn75:17.1 mn75:17.2 mn75:17.3 mn75:17.4,857,925,826,1428
mn75:18,MN,mn75,6,mn75:18.1 mn75:18.2 mn75:18.3 mn75:18.4 mn75:18.5 mn75:18.6,934,731,995,1305
mn75:2,MN,mn75,3,mn75:2.1 mn75:2.2 mn75:2.3,283,327,365,353
mn75:22,MN,mn75,13,mn75:22.1 mn75:22.2 mn75:22.3 mn75:22.4 mn75:22.5 mn75:22.6 mn75:22.7 mn75:22.8 mn75:22.9 mn75:22.10 mn75:22.11 mn75:22.12 mn75:22.13,909,882,916,943
mn75:24,MN,mn75,9,mn75:24.1 mn75:24.2 mn75:24.3 mn75:24.4 mn75:24.5 mn75:24.6 mn75:24.7 mn75:24.8 mn75:24.9,666,743,905,837
mn75:25,MN,mn75,10,mn75:25.1 mn75:25.2 mn75:25.3 mn75:25.4 mn75:25.5 mn75:25.6 mn75:25.7 mn75:25.8 mn75:25.9 mn75:25.10,748,792,861,829
mn75:26,MN,mn75,5,mn75:26.1 mn75:26.2 mn75:26.3 mn75:26.4 mn75:26.5,491,485,566,545
mn75:27,MN,mn75,3,mn75:27.1 mn75:27.2 mn75:27.3,606,586,846,888
mn75:3,MN,mn75,4,mn75:3.1 mn75:3.2 mn75:3.3 mn75:3.4,381,269,377,337
mn75:6,MN,mn75,8,mn75:6.1 mn75:6.2 mn75:6.3 mn75:6.4 mn75:6.5 mn75:6.6 mn75:6.7 mn75:6.8,872,716,931,827
mn75:7,MN,mn75,3,mn75:7.1 mn75:7.2 mn75:7.3,402,332,532,471
mn77:1,MN,mn77,2,mn77:1.1 mn77:1.2,80,120,123,119
mn77:10,MN,mn77,4,mn77:10.1 mn77:10.2 mn77:10.3 mn77:10.4,283,336,338,342
mn77:15,MN,mn77,6,mn77:15.1 mn77:15.2 mn77:15.3 mn77:15.4 mn77:15.5 mn77:15.6,433,514,574,583
mn77:16,MN,mn77,6,mn77:16.1 mn77:16.2 mn77:16.3 mn77:16.4 mn77:16.5 mn77:16.6,735,796,923,834
mn77:17,MN,mn77,6,mn77:17.1 mn77:17.2 mn77:17.3 mn77:17.4 mn77:17.5 mn77:17.6,440,625,617,673
mn77:18,MN,mn77,7,mn77:18.1 mn77:18.2 mn77:18.3 mn77:18.4 mn77:18.5 mn77:18.6 mn77:18.7,366,340,512,457
mn77:2,MN,mn77,2,mn77:2.1 mn77:2.2,205,218,159,214
mn77:20,MN,mn77,9,mn77:20.1 mn77:20.2 mn77:20.3 mn77:20.4 mn77:20.5 mn77:20.6 mn77:20.7 mn77:20.8 mn77:20.9,542,450,773,681
mn77:21,MN,mn77,3,mn77:21.1 mn77:21.2 mn77:21.3,377,366,418,359
mn77:22,MN,mn77,18,mn77:22.1 mn77:22.2 mn77:22.3 mn77:22.4 mn77:22.5 mn77:22.6 mn77:22.7 mn77:22.8 mn77:22.9 mn77:22.10 mn77:22.11 mn77:22.12 mn77:22.13 mn77:22.14 mn77:22.15 mn77:22.16 mn77:22.17 mn77:22.18,977,1412,1569,1425
mn77:24,MN,mn77,12,mn77:24.1 mn77:24.2 mn77:24.3 mn77:24.4 mn77:24.5 mn77:24.6 mn77:24.7 mn77:24.8 mn77:24.9 mn77:24.10 mn77:24.11 mn77:24.12,540,720,558,516
mn77:25,MN,mn77,5,mn77:25.1 mn77:25.2 mn77:25.3 mn77:25.4 mn77:25.5,815,1018,1030,989
mn77:26,MN,mn77,5,mn77:26.1 mn77:26.2 mn77:26.3 mn77:26.4 mn77:26.5,958,1008,1015,1058
mn77:27,MN,mn77,4,mn77:27.1 mn77:27.2 mn77:27.3 mn77:27.4,789,903,934,981
mn77:28,MN,mn77,5,mn77:28.1 mn77:28.2 mn77:28.3 mn77:28.4 mn77:28.5,721,753,763,787
mn77:3,MN,mn77,4,mn77:3.1 mn77:3.2 mn77:3.3 mn77:3.4,258,284,319,280
mn77:32,MN,mn77,4,mn77:32.1 mn77:32.2 mn77:32.3 mn77:32.4,521,615,668,658
mn77:34,MN,mn77,4,mn77:34.1 mn77:34.2 mn77:34.3 mn77:34.4,1412,1619,1704,1482
mn77:35,MN,mn77,4,mn77:35.1 mn77:35.2 mn77:35.3 mn77:35.4,1344,1596,1644,1561
mn77:36,MN,mn77,4,mn77:36.1 mn77:36.2 mn77:36.3 mn77:36.4,794,1019,1096,1029
mn77:5,MN,mn77,11,mn77:5.1 mn77:5.2 mn77:5.3 mn77:5.4 mn77:5.5 mn77:5.6 mn77:5.7 mn77:5.8 mn77:5.9 mn77:5.10 mn77:5.11,570,452,581,536
mn77:7,MN,mn77,1,mn77:7.1,157,178,165,179
mn77:9,MN,mn77,16,mn77:9.1 mn77:9.2 mn77:9.3 mn77:9.4 mn77:9.5 mn77:9.6 mn77:9.7 mn77:9.8 mn77:9.9 mn77:9.10 mn77:9.11 mn77:9.12 mn77:9.13 mn77:9.14 mn77:9.15 mn77:9.16,4495,2933,4674,4652
mn7:11,MN,mn7,2,mn7:11.1 mn7:11.2,258,404,417,443
mn7:13,MN,mn7,1,mn7:13.1,260,294,370,362
mn7:17,MN,mn7,1,mn7:17.1,101,158,143,150
mn7:18,MN,mn7,5,mn7:18.1 mn7:18.2 mn7:18.3 mn7:18.4 mn7:18.5,310,392,418,427
mn7:19,MN,mn7,6,mn7:19.1 mn7:19.2 mn7:19.3 mn7:19.4 mn7:19.5 mn7:19.6,440,398,495,421
mn7:2,MN,mn7,10,mn7:2.1 mn7:2.2 mn7:2.3 mn7:2.4 mn7:2.5 mn7:2.6 mn7:2.7 mn7:2.8 mn7:2.9 mn7:2.10,678,627,596,609
mn7:20,MN,mn7,23,mn7:20.1 mn7:20.2 mn7:20.3 mn7:20.4 mn7:20.5 mn7:20.6 mn7:20.7 mn7:20.8 mn7:20.9 mn7:20.10 mn7:20.11 mn7:20.12 mn7:20.13 mn7:20.14 mn7:20.15 mn7:20.16 mn7:20.17 mn7:20.18 mn7:20.19 mn7:20.20 mn7:20.21 mn7:20.22 mn7:20.23,626,823,876,792
mn7:3,MN,mn7,2,mn7:3.1 mn7:3.2,510,259,317,307
mn7:6,MN,mn7,2,mn7:6.1 mn7:6.2,144,235,220,233
mn7:7,MN,mn7,2,mn7:7.1 mn7:7.2,359,455,517,461
mn82:1,MN,mn82,2,mn82:1.1 mn82:1.2,144,184,164,179
mn82:11,MN,mn82,12,mn82:11.1 mn82:11.2 mn82:11.3 mn82:11.4 mn82:11.5 mn82:11.6 mn82:11.7 mn82:11.8 mn82:11.9 mn82:11.10 mn82:11.11 mn82:11.12,1118,757,1032,976
mn82:12,MN,mn82,3,mn82:12.1 mn82:12.2 mn82:12.3,300,247,334,315
mn82:13,MN,mn82,4,mn82:13.1 mn82:13.2 mn82:13.3 mn82:13.4,364,351,410,477
mn82:14,MN,mn82,3,mn82:14.1 mn82:14.2 mn82:14.3,392,489,452,515
mn82:16,MN,mn82,5,mn82:16.1 mn82:16.2 mn82:16.3 mn82:16.4 mn82:16.5,492,494,574,593
mn82:17,MN,mn82,6,mn82:17.1 mn82:17.2 mn82:17.3 mn82:17.4 mn82:17.5 mn82:17.6,380,352,380,411
mn82:18,MN,mn82,11,mn82:18.1 mn82:18.2 mn82:18.3 mn82:18.4 mn82:18.5 mn82:18.6 mn82:18.7 mn82:18.8 mn82:18.9 mn82:18.10 mn82:18.11,838,605,624,650
mn82:19,MN,mn82,12,mn82:19.1 mn82:19.2 mn82:19.3 mn82:19.4 mn82:19.5 mn82:19.6 mn82:19.7 mn82:19.8 mn82:19.9 mn82:19.10 mn82:19.11 mn82:19.12,765,661,671,697
mn82:20,MN,mn82,2,mn82:20.1 mn82:20.2,377,308,585,349
mn82:21,MN,mn82,2,mn82:21.1 mn82:21.2,203,211,217,218
mn82:22,MN,mn82,7,mn82:22.1 mn82:22.2 mn82:22.3 mn82:22.4 mn82:22.5 mn82:22.6 mn82:22.7,734,726,587,660
mn82:23,MN,mn82,4,mn82:23.1 mn82:23.2 mn82:23.3 mn82:23.4,340,294,294,318
mn82:24,MN,mn82,6,mn82:24.1 mn82:24.2 mn82:24.3 mn82:24.4 mn82:24.5 mn82:24.6,368,387,391,404
mn82:26,MN,mn82,1,mn82:26.1,161,147,162,170
mn82:27,MN,mn82,9,mn82:27.1 mn82:27.2 mn82:27.3 mn82:27.4 mn82:27.5 mn82:27.6 mn82:27.7 mn82:27.8 mn82:27.9,680,615,722,740
mn82:28,MN,mn82,6,mn82:28.1 mn82:28.2 mn82:28.3 mn82:28.4 mn82:28.5 mn82:28.6,783,726,842,835
mn82:29,MN,mn82,3,mn82:29.1 mn82:29.2 mn82:29.3,249,288,263,337
mn82:3,MN,mn82,2,mn82:3.1 mn82:3.2,551,387,594,593
mn82:34,MN,mn82,3,mn82:34.1 mn82:34.2 mn82:34.3,286,269,326,376
mn82:35,MN,mn82,2,mn82:35.1 mn82:35.2,190,273,216,254
mn82:4,MN,mn82,4,mn82:4.1 mn82:4.2 mn82:4.3 mn82:4.4,434,400,459,434
mn82:6,MN,mn82,9,mn82:6.1 mn82:6.2 mn82:6.3 mn82:6.4 mn82:6.5 mn82:6.6 mn82:6.7 mn82:6.8 mn82:6.9,945,734,914,976
mn95:1,MN,mn95,3,mn95:1.1 mn95:1.2 mn95:1.3,222,259,257,283
mn95:10,MN,mn95,2,mn95:10.1 mn95:10.2,184,184,232,200
mn95:11,MN,mn95,9,mn95:11.1 mn95:11.2 mn95:11.3 mn95:11.4 mn95:11.5 mn95:11.6 mn95:11.7 mn95:11.8 mn95:11.9,975,930,991,1122
mn95:2,MN,mn95,1,mn95:2.1,168,219,218,236
mn95:20,MN,mn95,4,mn95:20.1 mn95:20.2 mn95:20.3 mn95:20.4,665,636,1068,1049
mn95:33,MN,mn95,6,mn95:33.1 mn95:33.2 mn95:33.3 mn95:33.4 mn95:33.5 mn95:33.6,323,213,338,331
mn95:5,MN,mn95,4,mn95:5.1 mn95:5.2 mn95:5.3 mn95:5.4,403,284,469,477
mn9:11,MN,mn9,6,mn9:11.1 mn9:11.2 mn9:11.3 mn9:11.4 mn9:11.5 mn9:11.6,530,614,804,794
mn9:12,MN,mn9,2,mn9:12.1 mn9:12.2,462,595,578,591
mn9:15,MN,mn9,3,mn9:15.1 mn9:15.2 mn9:15.3,363,444,259,426
mn9:16,MN,mn9,4,mn9:16.1 mn9:16.2 mn9:16.3 mn9:16.4,179,288,268,275
mn9:17,MN,mn9,3,mn9:17.1 mn9:17.2 mn9:17.3,137,239,188,209
mn9:18,MN,mn9,4,mn9:18.1 mn9:18.2 mn9:18.3 mn9:18.4,170,219,272,331
mn9:2,MN,mn9,8,mn9:2.1 mn9:2.2 mn9:2.3 mn9:2.4 mn9:2.5 mn9:2.6 mn9:2.7 mn9:2.8,573,581,630,613
mn9:20,MN,mn9,2,mn9:20.1 mn9:20.2,280,173,265,261
mn9:3,MN,mn9,2,mn9:3.1 mn9:3.2,251,278,358,279
mn9:4,MN,mn9,3,mn9:4.1 mn9:4.2 mn9:4.3,346,286,249,487
mn9:5,MN,mn9,3,mn9:5.1 mn9:5.2 mn9:5.3,120,112,218,194
mn9:7,MN,mn9,3,mn9:7.1 mn9:7.2 mn9:7.3,118,119,232,196
mn9:70,MN,mn9,5,mn9:70.1 mn9:70.2 mn9:70.3 mn9:70.4 mn9:70.5,324,518,643,648
mn9:8,MN,mn9,2,mn9:8.1 mn9:8.2,438,576,694,569
sn1.10:2,SN,sn1.10,4,sn1.10:2.1 sn1.10:2.2 sn1.10:2.3 sn1.10:2.4,99,126,131,137
sn1.10:3,SN,sn1.10,4,sn1.10:3.1 sn1.10:3.2 sn1.10:3.3 sn1.10:3.4,91,147,132,152
sn1.17:1,SN,sn1.17,4,sn1.17:1.1 sn1.17:1.2 sn1.17:1.3 sn1.17:1.4,101,126,135,136
sn1.17:2,SN,sn1.17,4,sn1.17:2.1 sn1.17:2.2 sn1.17:2.3 sn1.17:2.4,97,129,137,156
sn1.17:3,SN,sn1.17,4,sn1.17:3.1 sn1.17:3.2 sn1.17:3.3 sn1.17:3.4,122,166,191,163
sn1.18:1,SN,sn1.18,4,sn1.18:1.1 sn1.18:1.2 sn1.18:1.3 sn1.18:1.4,94,125,105,146
sn1.18:2,SN,sn1.18,4,sn1.18:2.1 sn1.18:2.2 sn1.18:2.3 sn1.18:2.4,97,141,159,143
sn1.1:1,SN,sn1.1,9,sn1.1:1.1 sn1.1:1.2 sn1.1:1.3 sn1.1:1.4 sn1.1:1.5 sn1.1:1.6 sn1.1:1.7 sn1.1:1.8 sn1.1:1.9,648,564,709,727
sn1.1:2,SN,sn1.1,4,sn1.1:2.1 sn1.1:2.2 sn1.1:2.3 sn1.1:2.4,100,127,150,143
sn1.1:3,SN,sn1.1,4,sn1.1:3.1 sn1.1:3.2 sn1.1:3.3 sn1.1:3.4,156,209,211,201
sn1.20:1,SN,sn1.20,5,sn1.20:1.1 sn1.20:1.2 sn1.20:1.3 sn1.20:1.4 sn1.20:1.5,458,419,530,525
sn1.20:2,SN,sn1.20,4,sn1.20:2.1 sn1.20:2.2 sn1.20:2.3 sn1.20:2.4,111,154,180,160
sn1.20:20,SN,sn1.20,4,sn1.20:20.1 sn1.20:20.2 sn1.20:20.3 sn1.20:20.4,95,162,125,168
sn1.20:21,SN,sn1.20,5,sn1.20:21.1 sn1.20:21.2 sn1.20:21.3 sn1.20:21.4 sn1.20:21.5,136,178,181,195
sn1.20:22,SN,sn1.20,2,sn1.20:22.1 sn1.20:22.2,209,146,229,253
sn1.20:23,SN,sn1.20,5,sn1.20:23.1 sn1.20:23.2 sn1.20:23.3 sn1.20:23.4 sn1.20:23.5,150,218,188,216
sn1.20:25,SN,sn1.20,6,sn1.20:25.1 sn1.20:25.2 sn1.20:25.3 sn1.20:25.4 sn1.20:25.5 sn1.20:25.6,192,285,266,260
sn1.20:3,SN,sn1.20,4,sn1.20:3.1 sn1.20:3.2 sn1.20:3.3 sn1.20:3.4,101,136,137,147
sn1.20:4,SN,sn1.20,4,sn1.20:4.1 sn1.20:4.2 sn1.20:4.3 sn1.20:4.4,273,351,321,360
sn1.20:5,SN,sn1.20,4,sn1.20:5.1 sn1.20:5.2 sn1.20:5.3 sn1.20:5.4,289,419,454,462
sn1.20:6,SN,sn1.20,2,sn1.20:6.1 sn1.20:6.2,187,336,272,318
sn1.20:7,SN,sn1.20,5,sn1.20:7.1 sn1.20:7.2 sn1.20:7.3 sn1.20:7.4 sn1.20:7.5,282,363,317,355
sn1.20:8,SN,sn1.20,3,sn1.20:8.1 sn1.20:8.2 sn1.20:8.3,423,343,363,565
sn1.21:2,SN,sn1.21,4,sn1.21:2.1 sn1.21:2.2 sn1.21:2.3 sn1.21:2.4,94,132,143,115
sn1.21:3,SN,sn1.21,4,sn1.21:3.1 sn1.21:3.2 sn1.21:3.3 sn1.21:3.4,99,137,141,116
sn1.25:1,SN,sn1.25,4,sn1.25:1.1 sn1.25:1.2 sn1.25:1.3 sn1.25:1.4,123,151,132,124
sn1.25:2,SN,sn1.25,6,sn1.25:2.1 sn1.25:2.2 sn1.25:2.3 sn1.25:2.4 sn1.25:2.5 sn1.25:2.6,183,242,232,201
sn1.25:3,SN,sn1.25,5,sn1.25:3.1 sn1.25:3.2 sn1.25:3.3 sn1.25:3.4 sn1.25:3.5,158,196,154,204
sn1.25:4,SN,sn1.25,4,sn1.25:4.1 sn1.25:4.2 sn1.25:4.3 sn1.25:4.4,125,180,123,171
sn1.25:5,SN,sn1.25,3,sn1.25:5.1 sn1.25:5.2 sn1.25:5.3,93,120,133,117
sn1.2:1,SN,sn1.2,2,sn1.2:1.1 sn1.2:1.2,251,156,219,240
sn1.2:5,SN,sn1.2,5,sn1.2:5.1 sn1.2:5.2 sn1.2:5.3 sn1.2:5.4 sn1.2:5.5,144,241,195,212
sn1.36:1,SN,sn1.36,3,sn1.36:1.1 sn1.36:1.2 sn1.36:1.3,349,343,418,441
sn1.36:2,SN,sn1.36,4,sn1.36:2.1 sn1.36:2.2 sn1.36:2.3 sn1.36:2.4,137,148,167,145
sn1.36:4,SN,sn1.36,4,sn1.36:4.1 sn1.36:4.2 sn1.36:4.3 sn1.36:4.4,127,143,147,147
sn1.36:5,SN,sn1.36,4,sn1.36:5.1 sn1.36:5.2 sn1.36:5.3 sn1.36:5.4,94,113,115,124
sn1.36:6,SN,sn1.36,4,sn1.36:6.1 sn1.36:6.2 sn1.36:6.3 sn1.36:6.4,99,154,142,128
sn1.38:1,SN,sn1.38,6,sn1.38:1.1 sn1.38:1.2 sn1.38:1.3 sn1.38:1.4 sn1.38:1.5 sn1.38:1.6,421,539,511,585
sn1.38:10,SN,sn1.38,4,sn1.38:10.1 sn1.38:10.2 sn1.38:10.3 sn1.38:10.4,130,227,182,184
sn1.38:11,SN,sn1.38,4,sn1.38:11.1 sn1.38:11.2 sn1.38:11.3 sn1.38:11.4,125,181,150,185
sn1.38:12,SN,sn1.38,4,sn1.38:12.1 sn1.38:12.2 sn1.38:12.3 sn1.38:12.4,127,166,183,169
sn1.38:2,SN,sn1.38,4,sn1.38:2.1 sn1.38:2.2 sn1.38:2.3 sn1.38:2.4,433,503,513,522
sn1.38:3,SN,sn1.38,3,sn1.38:3.1 sn1.38:3.2 sn1.38:3.3,217,190,258,345
sn1.38:8,SN,sn1.38,3,sn1.38:8.1 sn1.38:8.2 sn1.38:8.3,318,440,428,493
sn1.38:9,SN,sn1.38,4,sn1.38:9.1 sn1.38:9.2 sn1.38:9.3 sn1.38:9.4,115,206,131,170
sn1.41:1,SN,sn1.41,4,sn1.41:1.1 sn1.41:1.2 sn1.41:1.3 sn1.41:1.4,340,289,407,385
sn1.41:4,SN,sn1.41,4,sn1.41:4.1 sn1.41:4.2 sn1.41:4.3 sn1.41:4.4,95,130,127,132
sn1.41:5,SN,sn1.41,6,sn1.41:5.1 sn1.41:5.2 sn1.41:5.3 sn1.41:5.4 sn1.41:5.5 sn1.41:5.6,158,249,186,226
sn1.42:1,SN,sn1.42,6,sn1.42:1.1 sn1.42:1.2 sn1.42:1.3 sn1.42:1.4 sn1.42:1.5 sn1.42:1.6,144,196,221,196
sn1.42:2,SN,sn1.42,4,sn1.42:2.1 sn1.42:2.2 sn1.42:2.3 sn1.42:2.4,90,135,156,133
sn1.42:3,SN,sn1.42,4,sn1.42:3.1 sn1.42:3.2 sn1.42:3.3 sn1.42:3.4,94,134,137,116
sn1.51:1,SN,sn1.51,4,sn1.51:1.1 sn1.51:1.2 sn1.51:1.3 sn1.51:1.4,100,122,155,131
sn1.51:2,SN,sn1.51,4,sn1.51:2.1 sn1.51:2.2 sn1.51:2.3 sn1.51:2.4,101,131,171,137
sn1.55:1,SN,sn1.55,4,sn1.55:1.1 sn1.55:1.2 sn1.55:1.3 sn1.55:1.4,98,126,140,125
sn1.55:2,SN,sn1.55,4,sn1.55:2.1 sn1.55:2.2 sn1.55:2.3 sn1.55:2.4,97,143,132,130
sn1.56:1,SN,sn1.56,4,sn1.56:1.1 sn1.56:1.2 sn1.56:1.3 sn1.56:1.4,95,127,133,129
sn1.56:2,SN,sn1.56,4,sn1.56:2.1 sn1.56:2.2 sn1.56:2.3 sn1.56:2.4,95,143,178,127
sn1.57:1,SN,sn1.57,4,sn1.57:1.1 sn1.57:1.2 sn1.57:1.3 sn1.57:1.4,96,121,135,127
sn1.57:2,SN,sn1.57,4,sn1.57:2.1 sn1.57:2.2 sn1.57:2.3 sn1.57:2.4,96,134,124,125
sn1.59:1,SN,sn1.59,4,sn1.59:1.1 sn1.59:1.2 sn1.59:1.3 sn1.59:1.4,104,109,143,124
sn1.59:2,SN,sn1.59,4,sn1.59:2.1 sn1.59:2.2 sn1.59:2.3 sn1.59:2.4,104,127,154,132
sn1.62:1,SN,sn1.62,4,sn1.62:1.1 sn1.62:1.2 sn1.62:1.3 sn1.62:1.4,93,110,110,126
sn1.62:2,SN,sn1.62,4,sn1.62:2.1 sn1.62:2.2 sn1.62:2.3 sn1.62:2.4,93,118,122,125
sn1.63:2,SN,sn1.63,4,sn1.63:2.1 sn1.63:2.2 sn1.63:2.3 sn1.63:2.4,92,119,121,134
sn1.64:1,SN,sn1.64,4,sn1.64:1.1 sn1.64:1.2 sn1.64:1.3 sn1.64:1.4,96,111,130,139
sn1.64:2,SN,sn1.64,4,sn1.64:2.1 sn1.64:2.2 sn1.64:2.3 sn1.64:2.4,93,129,148,145
sn1.65:1,SN,sn1.65,4,sn1.65:1.1 sn1.65:1.2 sn1.65:1.3 sn1.65:1.4,103,103,116,133
sn1.65:2,SN,sn1.65,4,sn1.65:2.1 sn1.65:2.2 sn1.65:2.3 sn1.65:2.4,100,121,134,139
sn1.69:1,SN,sn1.69,4,sn1.69:1.1 sn1.69:1.2 sn1.69:1.3 sn1.69:1.4,103,118,148,122
sn1.69:2,SN,sn1.69,4,sn1.69:2.1 sn1.69:2.2 sn1.69:2.3 sn1.69:2.4,101,128,153,125
sn1.71:2,SN,sn1.71,4,sn1.71:2.1 sn1.71:2.2 sn1.71:2.3 sn1.71:2.4,102,142,133,142
sn1.71:3,SN,sn1.71,6,sn1.71:3.1 sn1.71:3.2 sn1.71:3.3 sn1.71:3.4 sn1.71:3.5 sn1.71:3.6,154,212,198,241
sn1.73:1,SN,sn1.73,4,sn1.73:1.1 sn1.73:1.2 sn1.73:1.3 sn1.73:1.4,133,167,162,158
sn1.73:2,SN,sn1.73,4,sn1.73:2.1 sn1.73:2.2 sn1.73:2.3 sn1.73:2.4,135,182,174,160
sn1.7:2,SN,sn1.7,4,sn1.7:2.1 sn1.7:2.2 sn1.7:2.3 sn1.7:2.4,102,152,131,149
sn1.7:3,SN,sn1.7,4,sn1.7:3.1 sn1.7:3.2 sn1.7:3.3 sn1.7:3.4,104,170,162,155
sn1.8:2,SN,sn1.8,4,sn1.8:2.1 sn1.8:2.2 sn1.8:2.3 sn1.8:2.4,101,160,163,156
sn1.8:3,SN,sn1.8,4,sn1.8:3.1 sn1.8:3.2 sn1.8:3.3 sn1.8:3.4,101,171,161,156
sn11.14:1,SN,sn11.14,5,sn11.14:1.1 sn11.14:1.2 sn11.14:1.3 sn11.14:1.4 sn11.14:1.5,186,216,219,232
sn11.14:3,SN,sn11.14,6,sn11.14:3.1 sn11.14:3.2 sn11.14:3.3 sn11.14:3.4 sn11.14:3.5 sn11.14:3.6,661,606,848,639
sn11.14:6,SN,sn11.14,4,sn11.14:6.1 sn11.14:6.2 sn11.14:6.3 sn11.14:6.4,101,156,129,151
sn11.15:1,SN,sn11.15,3,sn11.15:1.1 sn11.15:1.2 sn11.15:1.3,240,164,303,188
sn11.15:2,SN,sn11.15,4,sn11.15:2.1 sn11.15:2.2 sn11.15:2.3 sn11.15:2.4,95,117,114,135
sn11.22:1,SN,sn11.22,7,sn11.22:1.1 sn11.22:1.2 sn11.22:1.3 sn11.22:1.4 sn11.22:1.5 sn11.22:1.6 sn11.22:1.7,497,457,445,613
sn11.22:3,SN,sn11.22,5,sn11.22:3.1 sn11.22:3.2 sn11.22:3.3 sn11.22:3.4 sn11.22:3.5,617,506,689,697
sn11.22:4,SN,sn11.22,4,sn11.22:4.1 sn11.22:4.2 sn11.22:4.3 sn11.22:4.4,94,127,116,128
sn11.22:5,SN,sn11.22,4,sn11.22:5.1 sn11.22:5.2 sn11.22:5.3 sn11.22:5.4,107,145,121,130
sn11.24:2,SN,sn11.24,6,sn11.24:2.1 sn11.24:2.2 sn11.24:2.3 sn11.24:2.4 sn11.24:2.5 sn11.24:2.6,292,392,399,475
sn11.24:3,SN,sn11.24,1,sn11.24:3.1,124,107,150,154
sn11.24:4,SN,sn11.24,6,sn11.24:4.1 sn11.24:4.2 sn11.24:4.3 sn11.24:4.4 sn11.24:4.5 sn11.24:4.6,148,161,172,185
sn11.3:1,SN,sn11.3,5,sn11.3:1.1 sn11.3:1.2 sn11.3:1.3 sn11.3:1.4 sn11.3:1.5,134,127,115,141
sn11.3:10,SN,sn11.3,3,sn11.3:10.1 sn11.3:10.2 sn11.3:10.3,268,281,346,350
sn11.3:11,SN,sn11.3,3,sn11.3:11.1 sn11.3:11.2 sn11.3:11.3,482,511,574,601
sn11.3:12,SN,sn11.3,4,sn11.3:12.1 sn11.3:12.2 sn11.3:12.3 sn11.3:12.4,199,210,290,311
sn11.3:13,SN,sn11.3,4,sn11.3:13.1 sn11.3:13.2 sn11.3:13.3 sn11.3:13.4,97,124,114,132
sn11.3:14,SN,sn11.3,4,sn11.3:14.1 sn11.3:14.2 sn11.3:14.3 sn11.3:14.4,100,137,121,137
sn11.3:15,SN,sn11.3,4,sn11.3:15.1 sn11.3:15.2 sn11.3:15.3 sn11.3:15.4,101,120,115,133
sn11.3:16,SN,sn11.3,4,sn11.3:16.1 sn11.3:16.2 sn11.3:16.3 sn11.3:16.4,110,124,143,206
sn11.3:2,SN,sn11.3,2,sn11.3:2.1 sn11.3:2.2,126,151,129,144
sn11.3:3,SN,sn11.3,2,sn11.3:3.1 sn11.3:3.2,241,151,287,282
sn11.3:4,SN,sn11.3,2,sn11.3:4.1 sn11.3:4.2,211,145,268,248
sn11.3:8,SN,sn11.3,2,sn11.3:8.1 sn11.3:8.2,111,117,168,174
sn11.3:9,SN,sn11.3,4,sn11.3:9.1 sn11.3:9.2 sn11.3:9.3 sn11.3:9.4,465,414,568,552
sn11.5:12,SN,sn11.5,4,sn11.5:12.1 sn11.5:12.2 sn11.5:12.3 sn11.5:12.4,92,127,114,126
sn11.5:14,SN,sn11.5,8,sn11.5:14.1 sn11.5:14.2 sn11.5:14.3 sn11.5:14.4 sn11.5:14.5 sn11.5:14.6 sn11.5:14.7 sn11.5:14.8,531,490,544,686
sn11.5:2,SN,sn11.5,4,sn11.5:2.1 sn11.5:2.2 sn11.5:2.3 sn11.5:2.4,101,143,130,145
sn11.5:3,SN,sn11.5,4,sn11.5:3.1 sn11.5:3.2 sn11.5:3.3 sn11.5:3.4,266,160,183,249
sn11.5:4,SN,sn11.5,4,sn11.5:4.1 sn11.5:4.2 sn11.5:4.3 sn11.5:4.4,93,129,112,128
sn11.5:5,SN,sn11.5,4,sn11.5:5.1 sn11.5:5.2 sn11.5:5.3 sn11.5:5.4,265,157,183,236
sn11.5:6,SN,sn11.5,6,sn11.5:6.1 sn11.5:6.2 sn11.5:6.3 sn11.5:6.4 sn11.5:6.5 sn11.5:6.6,145,197,174,188
sn11.5:8,SN,sn11.5,4,sn11.5:8.1 sn11.5:8.2 sn11.5:8.3 sn11.5:8.4,102,149,155,121
sn12.11:1,SN,sn12.11,6,sn12.11:1.1 sn12.11:1.2 sn12.11:1.3 sn12.11:1.4 sn12.11:1.5 sn12.11:1.6,387,463,583,545
sn12.12:1,SN,sn12.12,5,sn12.12:1.1 sn12.12:1.2 sn12.12:1.3 sn12.12:1.4 sn12.12:1.5,321,373,455,445
sn12.15:1,SN,sn12.15,4,sn12.15:1.1 sn12.15:1.2 sn12.15:1.3 sn12.15:1.4,297,193,258,235
sn12.15:2,SN,sn12.15,7,sn12.15:2.1 sn12.15:2.2 sn12.15:2.3 sn12.15:2.4 sn12.15:2.5 sn12.15:2.6 sn12.15:2.7,611,846,916,908
sn12.17:1,SN,sn12.17,9,sn12.17:1.1 sn12.17:1.2 sn12.17:1.3 sn12.17:1.4 sn12.17:1.5 sn12.17:1.6 sn12.17:1.7 sn12.17:1.8 sn12.17:1.9,610,625,672,669
sn12.17:5,SN,sn12.17,9,sn12.17:5.1 sn12.17:5.2 sn12.17:5.3 sn12.17:5.4 sn12.17:5.5 sn12.17:5.6 sn12.17:5.7 sn12.17:5.8 sn12.17:5.9,577,826,886,1015
sn12.17:6,SN,sn12.17,5,sn12.17:6.1 sn12.17:6.2 sn12.17:6.3 sn12.17:6.4 sn12.17:6.5,382,469,352,565
sn12.17:7,SN,sn12.17,2,sn12.17:7.1 sn12.17:7.2,258,351,354,387
sn12.18:1,SN,sn12.18,3,sn12.18:1.1 sn12.18:1.2 sn12.18:1.3,251,202,283,184
sn12.18:4,SN,sn12.18,9,sn12.18:4.1 sn12.18:4.2 sn12.18:4.3 sn12.18:4.4 sn12.18:4.5 sn12.18:4.6 sn12.18:4.7 sn12.18:4.8 sn12.18:4.9,559,739,810,937
sn12.19:1,SN,sn12.19,3,sn12.19:1.1 sn12.19:1.2 sn12.19:1.3,276,312,329,356
sn12.19:2,SN,sn12.19,2,sn12.19:2.1 sn12.19:2.2,258,304,319,351
sn12.19:3,SN,sn12.19,2,sn12.19:3.1 sn12.19:3.2,266,250,367,384
sn12.19:5,SN,sn12.19,6,sn12.19:5.1 sn12.19:5.2 sn12.19:5.3 sn12.19:5.4 sn12.19:5.5 sn12.19:5.6,421,527,547,552
sn12.23:5,SN,sn12.23,10,sn12.23:5.1 sn12.23:5.2 sn12.23:5.3 sn12.23:5.4 sn12.23:5.5 sn12.23:5.6 sn12.23:5.7 sn12.23:5.8 sn12.23:5.9 sn12.23:5.10,336,376,259,460
sn12.23:6,SN,sn12.23,22,sn12.23:6.1 sn12.23:6.2 sn12.23:6.3 sn12.23:6.4 sn12.23:6.5 sn12.23:6.6 sn12.23:6.7 sn12.23:6.8 sn12.23:6.9 sn12.23:6.10 sn12.23:6.11 sn12.23:6.12 sn12.23:6.13 sn12.23:6.14 sn12.23:6.15 sn12.23:6.16 sn12.23:6.17 sn12.23:6.18 sn12.23:6.19 sn12.23:6.20 sn12.23:6.21 sn12.23:6.22,575,1160,1089,1171
sn12.23:7,SN,sn12.23,1,sn12.23:7.1,370,327,422,348
sn12.25:1,SN,sn12.25,3,sn12.25:1.1 sn12.25:1.2 sn12.25:1.3,301,240,289,275
sn12.25:10,SN,sn12.25,3,sn12.25:10.1 sn12.25:10.2 sn12.25:10.3,243,417,576,298
sn12.25:11,SN,sn12.25,4,sn12.25:11.1 sn12.25:11.2 sn12.25:11.3 sn12.25:11.4,426,298,459,523
sn12.25:2,SN,sn12.25,6,sn12.25:2.1 sn12.25:2.2 sn12.25:2.3 sn12.25:2.4 sn12.25:2.5 sn12.25:2.6,671,669,890,869
sn12.25:3,SN,sn12.25,4,sn12.25:3.1 sn12.25:3.2 sn12.25:3.3 sn12.25:3.4,277,348,420,399
sn12.25:4,SN,sn12.25,4,sn12.25:4.1 sn12.25:4.2 sn12.25:4.3 sn12.25:4.4,252,318,358,463
sn12.25:5,SN,sn12.25,4,sn12.25:5.1 sn12.25:5.2 sn12.25:5.3 sn12.25:5.4,341,384,411,500
sn12.25:6,SN,sn12.25,3,sn12.25:6.1 sn12.25:6.2 sn12.25:6.3,346,217,274,296
sn12.25:7,SN,sn12.25,5,sn12.25:7.1 sn12.25:7.2 sn12.25:7.3 sn12.25:7.4 sn12.25:7.5,330,390,470,458
sn12.2:11,SN,sn12.2,7,sn12.2:11.1 sn12.2:11.2 sn12.2:11.3 sn12.2:11.4 sn12.2:11.5 sn12.2:11.6 sn12.2:11.7,249,281,280,269
sn12.2:12,SN,sn12.2,4,sn12.2:12.1 sn12.2:12.2 sn12.2:12.3 sn12.2:12.4,190,160,217,233
sn12.2:13,SN,sn12.2,4,sn12.2:13.1 sn12.2:13.2 sn12.2:13.3 sn12.2:13.4,141,127,145,247
sn12.2:14,SN,sn12.2,3,sn12.2:14.1 sn12.2:14.2 sn12.2:14.3,190,192,210,218
sn12.2:5,SN,sn12.2,4,sn12.2:5.1 sn12.2:5.2 sn12.2:5.3 sn12.2:5.4,123,199,122,176
sn12.2:6,SN,sn12.2,4,sn12.2:6.1 sn12.2:6.2 sn12.2:6.3 sn12.2:6.4,167,178,176,208
sn12.31:1,SN,sn12.31,3,sn12.31:1.1 sn12.31:1.2 sn12.31:1.3,140,183,212,186
sn12.31:2,SN,sn12.31,4,sn12.31:2.1 sn12.31:2.2 sn12.31:2.3 sn12.31:2.4,103,159,140,142
sn12.31:3,SN,sn12.31,2,sn12.31:3.1 sn12.31:3.2,130,108,122,130
sn12.31:7,SN,sn12.31,8,sn12.31:7.1 sn12.31:7.2 sn12.31:7.3 sn12.31:7.4 sn12.31:7.5 sn12.31:7.6 sn12.31:7.7 sn12.31:7.8,627,664,1116,1058
sn12.31:8,SN,sn12.31,9,sn12.31:8.1 sn12.31:8.2 sn12.31:8.3 sn12.31:8.4 sn12.31:8.5 sn12.31:8.6 sn12.31:8.7 sn12.31:8.8 sn12.31:8.9,689,816,1348,1190
sn12.35:1,SN,sn12.35,11,sn12.35:1.1 sn12.35:1.2 sn12.35:1.3 sn12.35:1.4 sn12.35:1.5 sn12.35:1.6 sn12.35:1.7 sn12.35:1.8 sn12.35:1.9 sn12.35:1.10 sn12.35:1.11,782,916,1006,1034
sn12.35:2,SN,sn12.35,6,sn12.35:2.1 sn12.35:2.2 sn12.35:2.3 sn12.35:2.4 sn12.35:2.5 sn12.35:2.6,527,663,664,718
sn12.35:3,SN,sn12.35,13,sn12.35:3.1 sn12.35:3.2 sn12.35:3.3 sn12.35:3.4 sn12.35:3.5 sn12.35:3.6 sn12.35:3.7 sn12.35:3.8 sn12.35:3.9 sn12.35:3.10 sn12.35:3.11 sn12.35:3.12 sn12.35:3.13,742,1038,1146,1070
sn12.35:4,SN,sn12.35,6,sn12.35:4.1 sn12.35:4.2 sn12.35:4.3 sn12.35:4.4 sn12.35:4.5 sn12.35:4.6,552,656,750,835
sn12.35:5,SN,sn12.35,3,sn12.35:5.1 sn12.35:5.2 sn12.35:5.3,408,440,502,530
sn12.35:7,SN,sn12.35,9,sn12.35:7.1 sn12.35:7.2 sn12.35:7.3 sn12.35:7.4 sn12.35:7.5 sn12.35:7.6 sn12.35:7.7 sn12.35:7.8 sn12.35:7.9,267,318,309,297
sn12.38:1,SN,sn12.38,6,sn12.38:1.1 sn12.38:1.2 sn12.38:1.3 sn12.38:1.4 sn12.38:1.5 sn12.38:1.6,393,558,529,557
sn12.38:2,SN,sn12.38,5,sn12.38:2.1 sn12.38:2.2 sn12.38:2.3 sn12.38:2.4 sn12.38:2.5,372,535,523,561
sn12.44:1,SN,sn12.44,5,sn12.44:1.1 sn12.44:1.2 sn12.44:1.3 sn12.44:1.4 sn12.44:1.5,211,186,215,203
sn12.44:2,SN,sn12.44,9,sn12.44:2.1 sn12.44:2.2 sn12.44:2.3 sn12.44:2.4 sn12.44:2.5 sn12.44:2.6 sn12.44:2.7 sn12.44:2.8 sn12.44:2.9,341,515,587,492
sn12.44:3,SN,sn12.44,8,sn12.44:3.1 sn12.44:3.2 sn12.44:3.3 sn12.44:3.4 sn12.44:3.5 sn12.44:3.6 sn12.44:3.7 sn12.44:3.8,334,539,408,454
sn12.44:4,SN,sn12.44,8,sn12.44:4.1 sn12.44:4.2 sn12.44:4.3 sn12.44:4.4 sn12.44:4.5 sn12.44:4.6 sn12.44:4.7 sn12.44:4.8,347,431,530,499
sn12.46:1,SN,sn12.46,3,sn12.46:1.1 sn12.46:1.2 sn12.46:1.3,237,197,253,195
sn12.46:2,SN,sn12.46,2,sn12.46:2.1 sn12.46:2.2,123,206,195,198
sn12.46:3,SN,sn12.46,9,sn12.46:3.1 sn12.46:3.2 sn12.46:3.3 sn12.46:3.4 sn12.46:3.5 sn12.46:3.6 sn12.46:3.7 sn12.46:3.8 sn12.46:3.9,453,555,735,723
sn12.51:10,SN,sn12.51,6,sn12.51:10.1 sn12.51:10.2 sn12.51:10.3 sn12.51:10.4 sn12.51:10.5 sn12.51:10.6,484,607,622,643
sn12.51:11,SN,sn12.51,2,sn12.51:11.1 sn12.51:11.2,299,389,388,404
sn12.51:12,SN,sn12.51,4,sn12.51:12.1 sn12.51:12.2 sn12.51:12.3 sn12.51:12.4,496,586,585,585
sn12.51:13,SN,sn12.51,3,sn12.51:13.1 sn12.51:13.2 sn12.51:13.3,197,157,151,216
sn12.51:14,SN,sn12.51,2,sn12.51:14.1 sn12.51:14.2,107,119,138,146
sn12.51:2,SN,sn12.51,5,sn12.51:2.1 sn12.51:2.2 sn12.51:2.3 sn12.51:2.4 sn12.51:2.5,432,431,521,547
sn12.51:3,SN,sn12.51,7,sn12.51:3.1 sn12.51:3.2 sn12.51:3.3 sn12.51:3.4 sn12.51:3.5 sn12.51:3.6 sn12.51:3.7,523,646,690,742
sn12.51:4,SN,sn12.51,2,sn12.51:4.1 sn12.51:4.2,285,278,376,311
sn12.51:5,SN,sn12.51,5,sn12.51:5.1 sn12.51:5.2 sn12.51:5.3 sn12.51:5.4 sn12.51:5.5,300,385,470,502
sn12.51:6,SN,sn12.51,2,sn12.51:6.1 sn12.51:6.2,255,252,336,295
sn12.51:7,SN,sn12.51,14,sn12.51:7.1 sn12.51:7.2 sn12.51:7.3 sn12.51:7.4 sn12.51:7.5 sn12.51:7.6 sn12.51:7.7 sn12.51:7.8 sn12.51:7.9 sn12.51:7.10 sn12.51:7.11 sn12.51:7.12 sn12.51:7.13 sn12.51:7.14,520,757,778,728
sn12.51:8,SN,sn12.51,2,sn12.51:8.1 sn12.51:8.2,275,258,371,329
sn12.51:9,SN,sn12.51,7,sn12.51:9.1 sn12.51:9.2 sn12.51:9.3 sn12.51:9.4 sn12.51:9.5 sn12.51:9.6 sn12.51:9.7,653,784,804,952
sn12.52:2,SN,sn12.52,6,sn12.52:2.1 sn12.52:2.2 sn12.52:2.3 sn12.52:2.4 sn12.52:2.5 sn12.52:2.6,544,483,507,478
sn12.52:3,SN,sn12.52,6,sn12.52:3.1 sn12.52:3.2 sn12.52:3.3 sn12.52:3.4 sn12.52:3.5 sn12.52:3.6,290,401,478,383
sn12.55:1,SN,sn12.55,5,sn12.55:1.1 sn12.55:1.2 sn12.55:1.3 sn12.55:1.4 sn12.55:1.5,206,289,332,230
sn12.55:2,SN,sn12.55,6,sn12.55:2.1 sn12.55:2.2 sn12.55:2.3 sn12.55:2.4 sn12.55:2.5 sn12.55:2.6,390,410,469,407
sn12.55:3,SN,sn12.55,4,sn12.55:3.1 sn12.55:3.2 sn12.55:3.3 sn12.55:3.4,195,256,325,231
sn12.61:1,SN,sn12.61,6,sn12.61:1.1 sn12.61:1.2 sn12.61:1.3 sn12.61:1.4 sn12.61:1.5 sn12.61:1.6,389,496,562,631
sn12.61:2,SN,sn12.61,5,sn12.61:2.1 sn12.61:2.2 sn12.61:2.3 sn12.61:2.4 sn12.61:2.5,385,439,547,524
sn12.61:3,SN,sn12.61,3,sn12.61:3.1 sn12.61:3.2 sn12.61:3.3,488,339,340,378
sn12.61:5,SN,sn12.61,9,sn12.61:5.1 sn12.61:5.2 sn12.61:5.3 sn12.61:5.4 sn12.61:5.5 sn12.61:5.6 sn12.61:5.7 sn12.61:5.8 sn12.61:5.9,473,614,730,699
sn12.62:3,SN,sn12.62,9,sn12.62:3.1 sn12.62:3.2 sn12.62:3.3 sn12.62:3.4 sn12.62:3.5 sn12.62:3.6 sn12.62:3.7 sn12.62:3.8 sn12.62:3.9,901,877,1427,1261
sn12.62:4,SN,sn12.62,6,sn12.62:4.1 sn12.62:4.2 sn12.62:4.3 sn12.62:4.4 sn12.62:4.5 sn12.62:4.6,696,594,1037,828
sn12.63:3,SN,sn12.63,8,sn12.63:3.1 sn12.63:3.2 sn12.63:3.3 sn12.63:3.4 sn12.63:3.5 sn12.63:3.6 sn12.63:3.7 sn12.63:3.8,549,546,582,607
sn12.63:4,SN,sn12.63,9,sn12.63:4.1 sn12.63:4.2 sn12.63:4.3 sn12.63:4.4 sn12.63:4.5 sn12.63:4.6 sn12.63:4.7 sn12.63:4.8 sn12.63:4.9,663,659,852,845
sn12.63:5,SN,sn12.63,11,sn12.63:5.1 sn12.63:5.2 sn12.63:5.3 sn12.63:5.4 sn12.63:5.5 sn12.63:5.6 sn12.63:5.7 sn12.63:5.8 sn12.63:5.9 sn12.63:5.10 sn12.63:5.11,763,873,952,927
sn12.64:2,SN,sn12.64,6,sn12.64:2.1 sn12.64:2.2 sn12.64:2.3 sn12.64:2.4 sn12.64:2.5 sn12.64:2.6,500,581,546,663
sn12.64:4,SN,sn12.64,7,sn12.64:4.1 sn12.64:4.2 sn12.64:4.3 sn12.64:4.4 sn12.64:4.5 sn12.64:4.6 sn12.64:4.7,740,811,761,873
sn12.64:6,SN,sn12.64,6,sn12.64:6.1 sn12.64:6.2 sn12.64:6.3 sn12.64:6.4 sn12.64:6.5 sn12.64:6.6,515,630,580,679
sn12.64:8,SN,sn12.64,9,sn12.64:8.1 sn12.64:8.2 sn12.64:8.3 sn12.64:8.4 sn12.64:8.5 sn12.64:8.6 sn12.64:8.7 sn12.64:8.8 sn12.64:8.9,532,596,553,609
sn12.65:1,SN,sn12.65,9,sn12.65:1.1 sn12.65:1.2 sn12.65:1.3 sn12.65:1.4 sn12.65:1.5 sn12.65:1.6 sn12.65:1.7 sn12.65:1.8 sn12.65:1.9,563,663,668,720
sn12.65:3,SN,sn12.65,8,sn12.65:3.1 sn12.65:3.2 sn12.65:3.3 sn12.65:3.4 sn12.65:3.5 sn12.65:3.6 sn12.65:3.7 sn12.65:3.8,491,629,542,628
sn12.65:5,SN,sn12.65,6,sn12.65:5.1 sn12.65:5.2 sn12.65:5.3 sn12.65:5.4 sn12.65:5.5 sn12.65:5.6,253,304,357,402
sn12.65:6,SN,sn12.65,8,sn12.65:6.1 sn12.65:6.2 sn12.65:6.3 sn12.65:6.4 sn12.65:6.5 sn12.65:6.6 sn12.65:6.7 sn12.65:6.8,414,489,588,570
sn12.65:7,SN,sn12.65,10,sn12.65:7.1 sn12.65:7.2 sn12.65:7.3 sn12.65:7.4 sn12.65:7.5 sn12.65:7.6 sn12.65:7.7 sn12.65:7.8 sn12.65:7.9 sn12.65:7.10,991,1008,976,1004
sn12.66:1,SN,sn12.66,12,sn12.66:1.1 sn12.66:1.2 sn12.66:1.3 sn12.66:1.4 sn12.66:1.5 sn12.66:1.6 sn12.66:1.7 sn12.66:1.8 sn12.66:1.9 sn12.66:1.10 sn12.66:1.11 sn12.66:1.12,531,475,533,556
sn12.66:2,SN,sn12.66,6,sn12.66:2.1 sn12.66:2.2 sn12.66:2.3 sn12.66:2.4 sn12.66:2.5 sn12.66:2.6,316,321,386,358
sn12.66:5,SN,sn12.66,11,sn12.66:5.1 sn12.66:5.2 sn12.66:5.3 sn12.66:5.4 sn12.66:5.5 sn12.66:5.6 sn12.66:5.7 sn12.66:5.8 sn12.66:5.9 sn12.66:5.10 sn12.66:5.11,620,475,779,765
sn12.66:6,SN,sn12.66,5,sn12.66:6.1 sn12.66:6.2 sn12.66:6.3 sn12.66:6.4 sn12.66:6.5,445,470,496,491
sn12.66:7,SN,sn12.66,5,sn12.66:7.1 sn12.66:7.2 sn12.66:7.3 sn12.66:7.4 sn12.66:7.5,488,503,532,507
sn12.66:8,SN,sn12.66,5,sn12.66:8.1 sn12.66:8.2 sn12.66:8.3 sn12.66:8.4 sn12.66:8.5,435,474,490,490
sn12.67:1,SN,sn12.67,6,sn12.67:1.1 sn12.67:1.2 sn12.67:1.3 sn12.67:1.4 sn12.67:1.5 sn12.67:1.6,786,771,878,801
sn12.67:2,SN,sn12.67,3,sn12.67:2.1 sn12.67:2.2 sn12.67:2.3,326,394,424,488
sn12.67:4,SN,sn12.67,3,sn12.67:4.1 sn12.67:4.2 sn12.67:4.3,375,406,448,515
sn12.67:5,SN,sn12.67,3,sn12.67:5.1 sn12.67:5.2 sn12.67:5.3,271,271,330,353
sn12.67:7,SN,sn12.67,16,sn12.67:7.1 sn12.67:7.2 sn12.67:7.3 sn12.67:7.4 sn12.67:7.5 sn12.67:7.6 sn12.67:7.7 sn12.67:7.8 sn12.67:7.9 sn12.67:7.10 sn12.67:7.11 sn12.67:7.12 sn12.67:7.13 sn12.67:7.14 sn12.67:7.15 sn12.67:7.16,742,982,1194,1074
sn12.67:8,SN,sn12.67,4,sn12.67:8.1 sn12.67:8.2 sn12.67:8.3 sn12.67:8.4,189,202,190,204
sn12.68:13,SN,sn12.68,6,sn12.68:13.1 sn12.68:13.2 sn12.68:13.3 sn12.68:13.4 sn12.68:13.5 sn12.68:13.6,513,601,749,748
sn12.68:6,SN,sn12.68,2,sn12.68:6.1 sn12.68:6.2,81,108,108,128
sn12.69:1,SN,sn12.69,5,sn12.69:1.1 sn12.69:1.2 sn12.69:1.3 sn12.69:1.4 sn12.69:1.5,726,913,888,880
sn12.70:1,SN,sn12.70,5,sn12.70:1.1 sn12.70:1.2 sn12.70:1.3 sn12.70:1.4 sn12.70:1.5,503,669,645,623
sn12.70:10,SN,sn12.70,2,sn12.70:10.1 sn12.70:10.2,150,157,174,176
sn12.70:11,SN,sn12.70,2,sn12.70:11.1 sn12.70:11.2,143,142,151,147
sn12.70:12,SN,sn12.70,3,sn12.70:12.1 sn12.70:12.2 sn12.70:12.3,291,220,249,319
sn12.70:13,SN,sn12.70,3,sn12.70:13.1 sn12.70:13.2 sn12.70:13.3,302,255,356,336
sn12.70:14,SN,sn12.70,3,sn12.70:14.1 sn12.70:14.2 sn12.70:14.3,319,302,361,366
sn12.70:16,SN,sn12.70,5,sn12.70:16.1 sn12.70:16.2 sn12.70:16.3 sn12.70:16.4 sn12.70:16.5,955,1284,1405,1383
sn12.70:17,SN,sn12.70,3,sn12.70:17.1 sn12.70:17.2 sn12.70:17.3,321,398,454,520
sn12.70:18,SN,sn12.70,16,sn12.70:18.1 sn12.70:18.2 sn12.70:18.3 sn12.70:18.4 sn12.70:18.5 sn12.70:18.6 sn12.70:18.7 sn12.70:18.8 sn12.70:18.9 sn12.70:18.10 sn12.70:18.11 sn12.70:18.12 sn12.70:18.13 sn12.70:18.14 sn12.70:18.15 sn12.70:18.16,498,685,972,728
sn12.70:2,SN,sn12.70,9,sn12.70:2.1 sn12.70:2.2 sn12.70:2.3 sn12.70:2.4 sn12.70:2.5 sn12.70:2.6 sn12.70:2.7 sn12.70:2.8 sn12.70:2.9,822,806,838,769
sn12.70:21,SN,sn12.70,2,sn12.70:21.1 sn12.70:21.2,183,172,201,221
sn12.70:25,SN,sn12.70,2,sn12.70:25.1 sn12.70:25.2,148,152,160,183
sn12.70:27,SN,sn12.70,3,sn12.70:27.1 sn12.70:27.2 sn12.70:27.3,288,300,404,413
sn12.70:3,SN,sn12.70,5,sn12.70:3.1 sn12.70:3.2 sn12.70:3.3 sn12.70:3.4 sn12.70:3.5,433,336,486,424
sn12.70:5,SN,sn12.70,2,sn12.70:5.1 sn12.70:5.2,556,540,587,609
sn12.70:6,SN,sn12.70,2,sn12.70:6.1 sn12.70:6.2,185,177,193,225
sn12.70:7,SN,sn12.70,18,sn12.70:7.1 sn12.70:7.2 sn12.70:7.3 sn12.70:7.4 sn12.70:7.5 sn12.70:7.6 sn12.70:7.7 sn12.70:7.8 sn12.70:7.9 sn12.70:7.10 sn12.70:7.11 sn12.70:7.12 sn12.70:7.13 sn12.70:7.14 sn12.70:7.15 sn12.70:7.16 sn12.70:7.17 sn12.70:7.18,948,1033,956,792
sn12.70:8,SN,sn12.70,2,sn12.70:8.1 sn12.70:8.2,713,867,781,820
sn12.70:9,SN,sn12.70,2,sn12.70:9.1 sn12.70:9.2,878,1118,886,1122
sn16.11:1,SN,sn16.11,2,sn16.11:1.1 sn16.11:1.2,178,228,230,233
sn16.11:10,SN,sn16.11,3,sn16.11:10.1 sn16.11:10.2 sn16.11:10.3,157,165,232,209
sn16.11:11,SN,sn16.11,3,sn16.11:11.1 sn16.11:11.2 sn16.11:11.3,222,228,241,258
sn16.11:12,SN,sn16.11,3,sn16.11:12.1 sn16.11:12.2 sn16.11:12.3,133,137,145,162
sn16.11:13,SN,sn16.11,2,sn16.11:13.1 sn16.11:13.2,154,173,201,199
sn16.11:14,SN,sn16.11,11,sn16.11:14.1 sn16.11:14.2 sn16.11:14.3 sn16.11:14.4 sn16.11:14.5 sn16.11:14.6 sn16.11:14.7 sn16.11:14.8 sn16.11:14.9 sn16.11:14.10 sn16.11:14.11,752,603,665,630
sn16.11:17,SN,sn16.11,2,sn16.11:17.1 sn16.11:17.2,264,324,378,373
sn16.11:2,SN,sn16.11,3,sn16.11:2.1 sn16.11:2.2 sn16.11:2.3,522,519,571,597
sn16.11:3,SN,sn16.11,3,sn16.11:3.1 sn16.11:3.2 sn16.11:3.3,316,331,447,395
sn16.11:4,SN,sn16.11,5,sn16.11:4.1 sn16.11:4.2 sn16.11:4.3 sn16.11:4.4 sn16.11:4.5,318,378,402,437
sn16.11:6,SN,sn16.11,2,sn16.11:6.1 sn16.11:6.2,114,135,120,128
sn16.11:7,SN,sn16.11,3,sn16.11:7.1 sn16.11:7.2 sn16.11:7.3,271,235,264,303
sn16.11:8,SN,sn16.11,8,sn16.11:8.1 sn16.11:8.2 sn16.11:8.3 sn16.11:8.4 sn16.11:8.5 sn16.11:8.6 sn16.11:8.7 sn16.11:8.8,810,892,1005,1026
sn16.13:2,SN,sn16.13,4,sn16.13:2.1 sn16.13:2.2 sn16.13:2.3 sn16.13:2.4,410,414,441,364
sn16.13:4,SN,sn16.13,4,sn16.13:4.1 sn16.13:4.2 sn16.13:4.3 sn16.13:4.4,440,350,483,636
sn16.2:1,SN,sn16.2,6,sn16.2:1.1 sn16.2:1.2 sn16.2:1.3 sn16.2:1.4 sn16.2:1.5 sn16.2:1.6,639,643,640,761
sn16.2:3,SN,sn16.2,4,sn16.2:3.1 sn16.2:3.2 sn16.2:3.3 sn16.2:3.4,537,534,646,523
sn16.2:4,SN,sn16.2,3,sn16.2:4.1 sn16.2:4.2 sn16.2:4.3,302,384,425,489
sn16.5:1,SN,sn16.5,5,sn16.5:1.1 sn16.5:1.2 sn16.5:1.3 sn16.5:1.4 sn16.5:1.5,412,366,453,473
sn21.10:1,SN,sn21.10,5,sn21.10:1.1 sn21.10:1.2 sn21.10:1.3 sn21.10:1.4 sn21.10:1.5,515,538,632,573
sn21.10:3,SN,sn21.10,7,sn21.10:3.1 sn21.10:3.2 sn21.10:3.3 sn21.10:3.4 sn21.10:3.5 sn21.10:3.6 sn21.10:3.7,436,424,474,501
sn21.1:1,SN,sn21.1,5,sn21.1:1.1 sn21.1:1.2 sn21.1:1.3 sn21.1:1.4 sn21.1:1.5,229,222,226,231
sn21.1:2,SN,sn21.1,9,sn21.1:2.1 sn21.1:2.2 sn21.1:2.3 sn21.1:2.4 sn21.1:2.5 sn21.1:2.6 sn21.1:2.7 sn21.1:2.8 sn21.1:2.9,685,884,854,840
sn21.2:1,SN,sn21.2,5,sn21.2:1.1 sn21.2:1.2 sn21.2:1.3 sn21.2:1.4 sn21.2:1.5,175,131,124,161
sn21.2:2,SN,sn21.2,4,sn21.2:2.1 sn21.2:2.2 sn21.2:2.3 sn21.2:2.4,343,367,410,398
sn21.3:1,SN,sn21.3,5,sn21.3:1.1 sn21.3:1.2 sn21.3:1.3 sn21.3:1.4 sn21.3:1.5,512,490,543,558
sn21.3:2,SN,sn21.3,14,sn21.3:2.1 sn21.3:2.2 sn21.3:2.3 sn21.3:2.4 sn21.3:2.5 sn21.3:2.6 sn21.3:2.7 sn21.3:2.8 sn21.3:2.9 sn21.3:2.10 sn21.3:2.11 sn21.3:2.12 sn21.3:2.13 sn21.3:2.14,903,753,919,1056
sn21.3:3,SN,sn21.3,8,sn21.3:3.1 sn21.3:3.2 sn21.3:3.3 sn21.3:3.4 sn21.3:3.5 sn21.3:3.6 sn21.3:3.7 sn21.3:3.8,539,518,642,642
sn21.3:6,SN,sn21.3,4,sn21.3:6.1 sn21.3:6.2 sn21.3:6.3 sn21.3:6.4,92,117,108,116
sn21.6:1,SN,sn21.6,10,sn21.6:1.1 sn21.6:1.2 sn21.6:1.3 sn21.6:1.4 sn21.6:1.5 sn21.6:1.6 sn21.6:1.7 sn21.6:1.8 sn21.6:1.9 sn21.6:1.10,646,668,981,693
sn21.6:2,SN,sn21.6,4,sn21.6:2.1 sn21.6:2.2 sn21.6:2.3 sn21.6:2.4,98,119,114,123
sn21.8:1,SN,sn21.8,6,sn21.8:1.1 sn21.8:1.2 sn21.8:1.3 sn21.8:1.4 sn21.8:1.5 sn21.8:1.6,694,667,887,779
sn21.8:2,SN,sn21.8,4,sn21.8:2.1 sn21.8:2.2 sn21.8:2.3 sn21.8:2.4,99,140,132,157
sn21.9:1,SN,sn21.9,8,sn21.9:1.1 sn21.9:1.2 sn21.9:1.3 sn21.9:1.4 sn21.9:1.5 sn21.9:1.6 sn21.9:1.7 sn21.9:1.8,714,692,818,845
sn22.100:2,SN,sn22.100,7,sn22.100:2.1 sn22.100:2.2 sn22.100:2.3 sn22.100:2.4 sn22.100:2.5 sn22.100:2.6 sn22.100:2.7,402,402,418,493
sn22.100:3,SN,sn22.100,6,sn22.100:3.1 sn22.100:3.2 sn22.100:3.3 sn22.100:3.4 sn22.100:3.5 sn22.100:3.6,449,424,425,505
sn22.101:1,SN,sn22.101,9,sn22.101:1.1 sn22.101:1.2 sn22.101:1.3 sn22.101:1.4 sn22.101:1.5 sn22.101:1.6 sn22.101:1.7 sn22.101:1.8 sn22.101:1.9,392,466,442,521
sn22.101:2,SN,sn22.101,6,sn22.101:2.1 sn22.101:2.2 sn22.101:2.3 sn22.101:2.4 sn22.101:2.5 sn22.101:2.6,527,502,512,586
sn22.101:3,SN,sn22.101,14,sn22.101:3.1 sn22.101:3.2 sn22.101:3.3 sn22.101:3.4 sn22.101:3.5 sn22.101:3.6 sn22.101:3.7 sn22.101:3.8 sn22.101:3.9 sn22.101:3.10 sn22.101:3.11 sn22.101:3.12 sn22.101:3.13 sn22.101:3.14,968,951,1041,1110
sn22.1:1,SN,sn22.1,3,sn22.1:1.1 sn22.1:1.2 sn22.1:1.3,270,255,274,255
sn22.1:10,SN,sn22.1,4,sn22.1:10.1 sn22.1:10.2 sn22.1:10.3 sn22.1:10.4,322,279,369,365
sn22.1:11,SN,sn22.1,4,sn22.1:11.1 sn22.1:11.2 sn22.1:11.3 sn22.1:11.4,312,300,393,389
sn22.1:12,SN,sn22.1,4,sn22.1:12.1 sn22.1:12.2 sn22.1:12.3 sn22.1:12.4,342,278,409,477
sn22.1:13,SN,sn22.1,5,sn22.1:13.1 sn22.1:13.2 sn22.1:13.3 sn22.1:13.4 sn22.1:13.5,396,375,491,500
sn22.1:14,SN,sn22.1,6,sn22.1:14.1 sn22.1:14.2 sn22.1:14.3 sn22.1:14.4 sn22.1:14.5 sn22.1:14.6,556,543,654,652
sn22.1:2,SN,sn22.1,5,sn22.1:2.1 sn22.1:2.2 sn22.1:2.3 sn22.1:2.4 sn22.1:2.5,278,304,336,330
sn22.1:3,SN,sn22.1,6,sn22.1:3.1 sn22.1:3.2 sn22.1:3.3 sn22.1:3.4 sn22.1:3.5 sn22.1:3.6,322,332,327,375
sn22.1:4,SN,sn22.1,4,sn22.1:4.1 sn22.1:4.2 sn22.1:4.3 sn22.1:4.4,445,437,443,499
sn22.1:7,SN,sn22.1,4,sn22.1:7.1 sn22.1:7.2 sn22.1:7.3 sn22.1:7.4,377,371,379,400
sn22.1:8,SN,sn22.1,3,sn22.1:8.1 sn22.1:8.2 sn22.1:8.3,172,133,171,151
sn22.1:9,SN,sn22.1,6,sn22.1:9.1 sn22.1:9.2 sn22.1:9.3 sn22.1:9.4 sn22.1:9.5 sn22.1:9.6,538,549,641,629
sn22.22:2,SN,sn22.22,4,sn22.22:2.1 sn22.22:2.2 sn22.22:2.3 sn22.22:2.4,131,162,172,166
sn22.22:3,SN,sn22.22,4,sn22.22:3.1 sn22.22:3.2 sn22.22:3.3 sn22.22:3.4,187,296,273,302
sn22.22:4,SN,sn22.22,3,sn22.22:4.1 sn22.22:4.2 sn22.22:4.3,161,248,201,247
sn22.22:6,SN,sn22.22,4,sn22.22:6.1 sn22.22:6.2 sn22.22:6.3 sn22.22:6.4,101,182,166,156
sn22.2:1,SN,sn22.2,4,sn22.2:1.1 sn22.2:1.2 sn22.2:1.3 sn22.2:1.4,376,312,410,354
sn22.2:10,SN,sn22.2,2,sn22.2:10.1 sn22.2:10.2,445,554,630,591
sn22.2:2,SN,sn22.2,5,sn22.2:2.1 sn22.2:2.2 sn22.2:2.3 sn22.2:2.4 sn22.2:2.5,264,212,253,225
sn22.2:3,SN,sn22.2,5,sn22.2:3.1 sn22.2:3.2 sn22.2:3.3 sn22.2:3.4 sn22.2:3.5,569,577,642,611
sn22.2:5,SN,sn22.2,5,sn22.2:5.1 sn22.2:5.2 sn22.2:5.3 sn22.2:5.4 sn22.2:5.5,336,313,329,331
sn22.36:1,SN,sn22.36,8,sn22.36:1.1 sn22.36:1.2 sn22.36:1.3 sn22.36:1.4 sn22.36:1.5 sn22.36:1.6 sn22.36:1.7 sn22.36:1.8,459,521,662,783
sn22.3:1,SN,sn22.3,4,sn22.3:1.1 sn22.3:1.2 sn22.3:1.3 sn22.3:1.4,370,339,367,363
sn22.3:10,SN,sn22.3,3,sn22.3:10.1 sn22.3:10.2 sn22.3:10.3,200,203,272,250
sn22.3:11,SN,sn22.3,3,sn22.3:11.1 sn22.3:11.2 sn22.3:11.3,192,192,240,238
sn22.3:12,SN,sn22.3,4,sn22.3:12.1 sn22.3:12.2 sn22.3:12.3 sn22.3:12.4,297,193,250,360
sn22.3:14,SN,sn22.3,4,sn22.3:14.1 sn22.3:14.2 sn22.3:14.3 sn22.3:14.4,517,601,696,671
sn22.3:17,SN,sn22.3,4,sn22.3:17.1 sn22.3:17.2 sn22.3:17.3 sn22.3:17.4,123,189,127,175
sn22.3:6,SN,sn22.3,8,sn22.3:6.1 sn22.3:6.2 sn22.3:6.3 sn22.3:6.4 sn22.3:6.5 sn22.3:6.6 sn22.3:6.7 sn22.3:6.8,297,383,330,392
sn22.3:8,SN,sn22.3,3,sn22.3:8.1 sn22.3:8.2 sn22.3:8.3,253,273,336,331
sn22.3:9,SN,sn22.3,3,sn22.3:9.1 sn22.3:9.2 sn22.3:9.3,274,305,360,379
sn22.47:1,SN,sn22.47,9,sn22.47:1.1 sn22.47:1.2 sn22.47:1.3 sn22.47:1.4 sn22.47:1.5 sn22.47:1.6 sn22.47:1.7 sn22.47:1.8 sn22.47:1.9,595,640,1089,667
sn22.47:2,SN,sn22.47,13,sn22.47:2.1 sn22.47:2.2 sn22.47:2.3 sn22.47:2.4 sn22.47:2.5 sn22.47:2.6 sn22.47:2.7 sn22.47:2.8 sn22.47:2.9 sn22.47:2.10 sn22.47:2.11 sn22.47:2.12 sn22.47:2.13,621,555,505,763
sn22.48:1,SN,sn22.48,10,sn22.48:1.1 sn22.48:1.2 sn22.48:1.3 sn22.48:1.4 sn22.48:1.5 sn22.48:1.6 sn22.48:1.7 sn22.48:1.8 sn22.48:1.9 sn22.48:1.10,669,619,621,711
sn22.53:1,SN,sn22.53,6,sn22.53:1.1 sn22.53:1.2 sn22.53:1.3 sn22.53:1.4 sn22.53:1.5 sn22.53:1.6,393,583,500,525
sn22.53:2,SN,sn22.53,2,sn22.53:2.1 sn22.53:2.2,226,230,237,275
sn22.54:2,SN,sn22.54,4,sn22.54:2.1 sn22.54:2.2 sn22.54:2.3 sn22.54:2.4,411,480,811,426
sn22.55:1,SN,sn22.55,7,sn22.55:1.1 sn22.55:1.2 sn22.55:1.3 sn22.55:1.4 sn22.55:1.5 sn22.55:1.6 sn22.55:1.7,390,376,380,451
sn22.55:10,SN,sn22.55,4,sn22.55:10.1 sn22.55:10.2 sn22.55:10.3 sn22.55:10.4,251,295,356,334
sn22.55:4,SN,sn22.55,5,sn22.55:4.1 sn22.55:4.2 sn22.55:4.3 sn22.55:4.4 sn22.55:4.5,177,178,269,264
sn22.55:5,SN,sn22.55,5,sn22.55:5.1 sn22.55:5.2 sn22.55:5.3 sn22.55:5.4 sn22.55:5.5,299,174,259,274
sn22.55:6,SN,sn22.55,10,sn22.55:6.1 sn22.55:6.2 sn22.55:6.3 sn22.55:6.4 sn22.55:6.5 sn22.55:6.6 sn22.55:6.7 sn22.55:6.8 sn22.55:6.9 sn22.55:6.10,359,335,409,527
sn22.55:8,SN,sn22.55,13,sn22.55:8.1 sn22.55:8.2 sn22.55:8.3 sn22.55:8.4 sn22.55:8.5 sn22.55:8.6 sn22.55:8.7 sn22.55:8.8 sn22.55:8.9 sn22.55:8.10 sn22.55:8.11 sn22.55:8.12 sn22.55:8.13,460,643,623,1163
sn22.55:9,SN,sn22.55,4,sn22.55:9.1 sn22.55:9.2 sn22.55:9.3 sn22.55:9.4,324,342,364,317
sn22.56:13,SN,sn22.56,8,sn22.56:13.1 sn22.56:13.2 sn22.56:13.3 sn22.56:13.4 sn22.56:13.5 sn22.56:13.6 sn22.56:13.7 sn22.56:13.8,365,488,599,506
sn22.56:14,SN,sn22.56,2,sn22.56:14.1 sn22.56:14.2,302,341,491,351
sn22.56:2,SN,sn22.56,6,sn22.56:2.1 sn22.56:2.2 sn22.56:2.3 sn22.56:2.4 sn22.56:2.5 sn22.56:2.6,300,268,472,255
sn22.56:5,SN,sn22.56,3,sn22.56:5.1 sn22.56:5.2 sn22.56:5.3,254,375,542,377
sn22.57:1,SN,sn22.57,10,sn22.57:1.1 sn22.57:1.2 sn22.57:1.3 sn22.57:1.4 sn22.57:1.5 sn22.57:1.6 sn22.57:1.7 sn22.57:1.8 sn22.57:1.9 sn22.57:1.10,650,618,740,697
sn22.57:11,SN,sn22.57,9,sn22.57:11.1 sn22.57:11.2 sn22.57:11.3 sn22.57:11.4 sn22.57:11.5 sn22.57:11.6 sn22.57:11.7 sn22.57:11.8 sn22.57:11.9,312,311,515,474
sn22.57:15,SN,sn22.57,6,sn22.57:15.1 sn22.57:15.2 sn22.57:15.3 sn22.57:15.4 sn22.57:15.5 sn22.57:15.6,229,250,362,318
sn22.57:17,SN,sn22.57,5,sn22.57:17.1 sn22.57:17.2 sn22.57:17.3 sn22.57:17.4 sn22.57:17.5,489,486,811,571
sn22.57:2,SN,sn22.57,7,sn22.57:2.1 sn22.57:2.2 sn22.57:2.3 sn22.57:2.4 sn22.57:2.5 sn22.57:2.6 sn22.57:2.7,284,401,528,361
sn22.57:5,SN,sn22.57,4,sn22.57:5.1 sn22.57:5.2 sn22.57:5.3 sn22.57:5.4,411,417,693,471
sn22.57:6,SN,sn22.57,9,sn22.57:6.1 sn22.57:6.2 sn22.57:6.3 sn22.57:6.4 sn22.57:6.5 sn22.57:6.6 sn22.57:6.7 sn22.57:6.8 sn22.57:6.9,320,449,487,399
sn22.57:7,SN,sn22.57,6,sn22.57:7.1 sn22.57:7.2 sn22.57:7.3 sn22.57:7.4 sn22.57:7.5 sn22.57:7.6,213,234,320,282
sn22.58:1,SN,sn22.58,3,sn22.58:1.1 sn22.58:1.2 sn22.58:1.3,243,386,409,378
sn22.58:3,SN,sn22.58,4,sn22.58:3.1 sn22.58:3.2 sn22.58:3.3 sn22.58:3.4,256,259,448,485
sn22.59:10,SN,sn22.59,1,sn22.59:10.1,239,263,278,276
sn22.59:7,SN,sn22.59,1,sn22.59:7.1,256,249,273,279
sn22.5:11,SN,sn22.5,4,sn22.5:11.1 sn22.5:11.2 sn22.5:11.3 sn22.5:11.4,245,163,291,316
sn22.5:2,SN,sn22.5,2,sn22.5:2.1 sn22.5:2.2,197,144,179,259
sn22.5:3,SN,sn22.5,8,sn22.5:3.1 sn22.5:3.2 sn22.5:3.3 sn22.5:3.4 sn22.5:3.5 sn22.5:3.6 sn22.5:3.7 sn22.5:3.8,373,442,518,486
sn22.5:4,SN,sn22.5,10,sn22.5:4.1 sn22.5:4.2 sn22.5:4.3 sn22.5:4.4 sn22.5:4.5 sn22.5:4.6 sn22.5:4.7 sn22.5:4.8 sn22.5:4.9 sn22.5:4.10,350,440,484,480
sn22.5:8,SN,sn22.5,6,sn22.5:8.1 sn22.5:8.2 sn22.5:8.3 sn22.5:8.4 sn22.5:8.5 sn22.5:8.6,319,301,418,414
sn22.60:1,SN,sn22.60,3,sn22.60:1.1 sn22.60:1.2 sn22.60:1.3,200,186,301,194
sn22.60:2,SN,sn22.60,6,sn22.60:2.1 sn22.60:2.2 sn22.60:2.3 sn22.60:2.4 sn22.60:2.5 sn22.60:2.6,236,321,345,305
sn22.60:3,SN,sn22.60,4,sn22.60:3.1 sn22.60:3.2 sn22.60:3.3 sn22.60:3.4,195,254,278,224
sn22.60:4,SN,sn22.60,2,sn22.60:4.1 sn22.60:4.2,114,137,150,142
sn22.60:5,SN,sn22.60,5,sn22.60:5.1 sn22.60:5.2 sn22.60:5.3 sn22.60:5.4 sn22.60:5.5,409,482,456,562
sn22.60:8,SN,sn22.60,5,sn22.60:8.1 sn22.60:8.2 sn22.60:8.3 sn22.60:8.4 sn22.60:8.5,426,489,557,580
sn22.60:9,SN,sn22.60,7,sn22.60:9.1 sn22.60:9.2 sn22.60:9.3 sn22.60:9.4 sn22.60:9.5 sn22.60:9.6 sn22.60:9.7,520,638,689,714
sn22.76:2,SN,sn22.76,4,sn22.76:2.1 sn22.76:2.2 sn22.76:2.3 sn22.76:2.4,394,538,612,699
sn22.76:4,SN,sn22.76,4,sn22.76:4.1 sn22.76:4.2 sn22.76:4.3 sn22.76:4.4,94,141,116,127
sn22.76:6,SN,sn22.76,4,sn22.76:6.1 sn22.76:6.2 sn22.76:6.3 sn22.76:6.4,95,157,138,142
sn22.76:7,SN,sn22.76,4,sn22.76:7.1 sn22.76:7.2 sn22.76:7.3 sn22.76:7.4,91,124,135,130
sn22.76:8,SN,sn22.76,4,sn22.76:8.1 sn22.76:8.2 sn22.76:8.3 sn22.76:8.4,93,129,114,129
sn22.76:9,SN,sn22.76,4,sn22.76:9.1 sn22.76:9.2 sn22.76:9.3 sn22.76:9.4,91,135,140,145
sn22.79:1,SN,sn22.79,11,sn22.79:1.1 sn22.79:1.2 sn22.79:1.3 sn22.79:1.4 sn22.79:1.5 sn22.79:1.6 sn22.79:1.7 sn22.79:1.8 sn22.79:1.9 sn22.79:1.10 sn22.79:1.11,563,396,613,514
sn22.79:10,SN,sn22.79,7,sn22.79:10.1 sn22.79:10.2 sn22.79:10.3 sn22.79:10.4 sn22.79:10.5 sn22.79:10.6 sn22.79:10.7,463,440,645,629
sn22.79:7,SN,sn22.79,7,sn22.79:7.1 sn22.79:7.2 sn22.79:7.3 sn22.79:7.4 sn22.79:7.5 sn22.79:7.6 sn22.79:7.7,497,446,544,564
sn22.80:1,SN,sn22.80,4,sn22.80:1.1 sn22.80:1.2 sn22.80:1.3 sn22.80:1.4,385,490,530,505
sn22.80:4,SN,sn22.80,2,sn22.80:4.1 sn22.80:4.2,152,204,217,195
sn22.80:5,SN,sn22.80,3,sn22.80:5.1 sn22.80:5.2 sn22.80:5.3,444,348,359,445
sn22.80:6,SN,sn22.80,6,sn22.80:6.1 sn22.80:6.2 sn22.80:6.3 sn22.80:6.4 sn22.80:6.5 sn22.80:6.6,463,558,627,714
sn22.80:7,SN,sn22.80,4,sn22.80:7.1 sn22.80:7.2 sn22.80:7.3 sn22.80:7.4,412,586,594,613
sn22.80:9,SN,sn22.80,13,sn22.80:9.1 sn22.80:9.2 sn22.80:9.3 sn22.80:9.4 sn22.80:9.5 sn22.80:9.6 sn22.80:9.7 sn22.80:9.8 sn22.80:9.9 sn22.80:9.10 sn22.80:9.11 sn22.80:9.12 sn22.80:9.13,601,665,892,784
sn22.81:1,SN,sn22.81,3,sn22.81:1.1 sn22.81:1.2 sn22.81:1.3,327,409,449,464
sn22.81:10,SN,sn22.81,10,sn22.81:10.1 sn22.81:10.2 sn22.81:10.3 sn22.81:10.4 sn22.81:10.5 sn22.81:10.6 sn22.81:10.7 sn22.81:10.8 sn22.81:10.9 sn22.81:10.10,409,456,554,506
sn22.81:3,SN,sn22.81,6,sn22.81:3.1 sn22.81:3.2 sn22.81:3.3 sn22.81:3.4 sn22.81:3.5 sn22.81:3.6,517,435,442,515
sn22.82:1,SN,sn22.82,2,sn22.82:1.1 sn22.82:1.2,229,308,253,310
sn22.82:10,SN,sn22.82,15,sn22.82:10.1 sn22.82:10.2 sn22.82:10.3 sn22.82:10.4 sn22.82:10.5 sn22.82:10.6 sn22.82:10.7 sn22.82:10.8 sn22.82:10.9 sn22.82:10.10 sn22.82:10.11 sn22.82:10.12 sn22.82:10.13 sn22.82:10.14 sn22.82:10.15,800,766,1115,996
sn22.82:11,SN,sn22.82,7,sn22.82:11.1 sn22.82:11.2 sn22.82:11.3 sn22.82:11.4 sn22.82:11.5 sn22.82:11.6 sn22.82:11.7,811,857,1117,1084
sn22.82:12,SN,sn22.82,4,sn22.82:12.1 sn22.82:12.2 sn22.82:12.3 sn22.82:12.4,287,298,399,404
sn22.82:13,SN,sn22.82,4,sn22.82:13.1 sn22.82:13.2 sn22.82:13.3 sn22.82:13.4,351,439,457,491
sn22.82:4,SN,sn22.82,5,sn22.82:4.1 sn22.82:4.2 sn22.82:4.3 sn22.82:4.4 sn22.82:4.5,451,404,516,662
sn22.82:5,SN,sn22.82,6,sn22.82:5.1 sn22.82:5.2 sn22.82:5.3 sn22.82:5.4 sn22.82:5.5 sn22.82:5.6,452,418,463,604
sn22.82:7,SN,sn22.82,11,sn22.82:7.1 sn22.82:7.2 sn22.82:7.3 sn22.82:7.4 sn22.82:7.5 sn22.82:7.6 sn22.82:7.7 sn22.82:7.8 sn22.82:7.9 sn22.82:7.10 sn22.82:7.11,666,508,822,991
sn22.82:8,SN,sn22.82,9,sn22.82:8.1 sn22.82:8.2 sn22.82:8.3 sn22.82:8.4 sn22.82:8.5 sn22.82:8.6 sn22.82:8.7 sn22.82:8.8 sn22.82:8.9,535,630,710,621
sn22.82:9,SN,sn22.82,9,sn22.82:9.1 sn22.82:9.2 sn22.82:9.3 sn22.82:9.4 sn22.82:9.5 sn22.82:9.6 sn22.82:9.7 sn22.82:9.8 sn22.82:9.9,569,630,737,689
sn22.83:1,SN,sn22.83,5,sn22.83:1.1 sn22.83:1.2 sn22.83:1.3 sn22.83:1.4 sn22.83:1.5,166,125,130,155
sn22.83:3,SN,sn22.83,6,sn22.83:3.1 sn22.83:3.2 sn22.83:3.3 sn22.83:3.4 sn22.83:3.5 sn22.83:3.6,339,369,506,410
sn22.84:10,SN,sn22.84,15,sn22.84:10.1 sn22.84:10.2 sn22.84:10.3 sn22.84:10.4 sn22.84:10.5 sn22.84:10.6 sn22.84:10.7 sn22.84:10.8 sn22.84:10.9 sn22.84:10.10 sn22.84:10.11 sn22.84:10.12 sn22.84:10.13 sn22.84:10.14 sn22.84:10.15,882,837,762,946
sn22.84:5,SN,sn22.84,4,sn22.84:5.1 sn22.84:5.2 sn22.84:5.3 sn22.84:5.4,298,145,276,184
sn22.84:6,SN,sn22.84,6,sn22.84:6.1 sn22.84:6.2 sn22.84:6.3 sn22.84:6.4 sn22.84:6.5 sn22.84:6.6,313,325,337,355
sn22.85:1,SN,sn22.85,3,sn22.85:1.1 sn22.85:1.2 sn22.85:1.3,308,358,373,374
sn22.85:10,SN,sn22.85,3,sn22.85:10.1 sn22.85:10.2 sn22.85:10.3,130,145,139,145
sn22.85:11,SN,sn22.85,5,sn22.85:11.1 sn22.85:11.2 sn22.85:11.3 sn22.85:11.4 sn22.85:11.5,392,459,504,510
sn22.85:12,SN,sn22.85,2,sn22.85:12.1 sn22.85:12.2,190,208,201,239
sn22.85:16,SN,sn22.85,5,sn22.85:16.1 sn22.85:16.2 sn22.85:16.3 sn22.85:16.4 sn22.85:16.5,304,186,354,304
sn22.85:19,SN,sn22.85,5,sn22.85:19.1 sn22.85:19.2 sn22.85:19.3 sn22.85:19.4 sn22.85:19.5,191,186,247,251
sn22.85:20,SN,sn22.85,5,sn22.85:20.1 sn22.85:20.2 sn22.85:20.3 sn22.85:20.4 sn22.85:20.5,265,174,311,313
sn22.85:21,SN,sn22.85,6,sn22.85:21.1 sn22.85:21.2 sn22.85:21.3 sn22.85:21.4 sn22.85:21.5 sn22.85:21.6,218,324,355,357
sn22.85:23,SN,sn22.85,5,sn22.85:23.1 sn22.85:23.2 sn22.85:23.3 sn22.85:23.4 sn22.85:23.5,174,174,198,304
sn22.85:25,SN,sn22.85,5,sn22.85:25.1 sn22.85:25.2 sn22.85:25.3 sn22.85:25.4 sn22.85:25.5,169,162,253,151
sn22.85:5,SN,sn22.85,6,sn22.85:5.1 sn22.85:5.2 sn22.85:5.3 sn22.85:5.4 sn22.85:5.5 sn22.85:5.6,763,467,797,725
sn22.85:6,SN,sn22.85,3,sn22.85:6.1 sn22.85:6.2 sn22.85:6.3,345,318,449,287
sn22.85:9,SN,sn22.85,15,sn22.85:9.1 sn22.85:9.2 sn22.85:9.3 sn22.85:9.4 sn22.85:9.5 sn22.85:9.6 sn22.85:9.7 sn22.85:9.8 sn22.85:9.9 sn22.85:9.10 sn22.85:9.11 sn22.85:9.12 sn22.85:9.13 sn22.85:9.14 sn22.85:9.15,390,467,354,395
sn22.86:1,SN,sn22.86,6,sn22.86:1.1 sn22.86:1.2 sn22.86:1.3 sn22.86:1.4 sn22.86:1.5 sn22.86:1.6,753,734,798,829
sn22.86:10,SN,sn22.86,3,sn22.86:10.1 sn22.86:10.2 sn22.86:10.3,125,142,121,200
sn22.86:11,SN,sn22.86,3,sn22.86:11.1 sn22.86:11.2 sn22.86:11.3,136,139,179,223
sn22.86:12,SN,sn22.86,4,sn22.86:12.1 sn22.86:12.2 sn22.86:12.3 sn22.86:12.4,393,483,466,553
sn22.86:2,SN,sn22.86,6,sn22.86:2.1 sn22.86:2.2 sn22.86:2.3 sn22.86:2.4 sn22.86:2.5 sn22.86:2.6,655,678,686,807
sn22.86:3,SN,sn22.86,3,sn22.86:3.1 sn22.86:3.2 sn22.86:3.3,406,322,439,418
sn22.86:8,SN,sn22.86,8,sn22.86:8.1 sn22.86:8.2 sn22.86:8.3 sn22.86:8.4 sn22.86:8.5 sn22.86:8.6 sn22.86:8.7 sn22.86:8.8,181,179,138,176
sn22.86:9,SN,sn22.86,14,sn22.86:9.1 sn22.86:9.2 sn22.86:9.3 sn22.86:9.4 sn22.86:9.5 sn22.86:9.6 sn22.86:9.7 sn22.86:9.8 sn22.86:9.9 sn22.86:9.10 sn22.86:9.11 sn22.86:9.12 sn22.86:9.13 sn22.86:9.14,343,398,304,364
sn22.89:10,SN,sn22.89,11,sn22.89:10.1 sn22.89:10.2 sn22.89:10.3 sn22.89:10.4 sn22.89:10.5 sn22.89:10.6 sn22.89:10.7 sn22.89:10.8 sn22.89:10.9 sn22.89:10.10 sn22.89:10.11,650,627,726,849
sn22.89:11,SN,sn22.89,8,sn22.89:11.1 sn22.89:11.2 sn22.89:11.3 sn22.89:11.4 sn22.89:11.5 sn22.89:11.6 sn22.89:11.7 sn22.89:11.8,647,588,707,781
sn22.89:12,SN,sn22.89,13,sn22.89:12.1 sn22.89:12.2 sn22.89:12.3 sn22.89:12.4 sn22.89:12.5 sn22.89:12.6 sn22.89:12.7 sn22.89:12.8 sn22.89:12.9 sn22.89:12.10 sn22.89:12.11 sn22.89:12.12 sn22.89:12.13,1177,1053,1187,1342
sn22.89:13,SN,sn22.89,3,sn22.89:13.1 sn22.89:13.2 sn22.89:13.3,396,313,340,477
sn22.90:1,SN,sn22.90,3,sn22.90:1.1 sn22.90:1.2 sn22.90:1.3,350,393,373,379
sn22.90:2,SN,sn22.90,13,sn22.90:2.1 sn22.90:2.2 sn22.90:2.3 sn22.90:2.4 sn22.90:2.5 sn22.90:2.6 sn22.90:2.7 sn22.90:2.8 sn22.90:2.9 sn22.90:2.10 sn22.90:2.11 sn22.90:2.12 sn22.90:2.13,274,294,377,408
sn22.90:3,SN,sn22.90,17,sn22.90:3.1 sn22.90:3.2 sn22.90:3.3 sn22.90:3.4 sn22.90:3.5 sn22.90:3.6 sn22.90:3.7 sn22.90:3.8 sn22.90:3.9 sn22.90:3.10 sn22.90:3.11 sn22.90:3.12 sn22.90:3.13 sn22.90:3.14 sn22.90:3.15 sn22.90:3.16 sn22.90:3.17,598,509,823,799
sn22.90:4,SN,sn22.90,5,sn22.90:4.1 sn22.90:4.2 sn22.90:4.3 sn22.90:4.4 sn22.90:4.5,576,549,699,713
sn22.90:8,SN,sn22.90,5,sn22.90:8.1 sn22.90:8.2 sn22.90:8.3 sn22.90:8.4 sn22.90:8.5,264,306,294,361
sn22.94:1,SN,sn22.94,5,sn22.94:1.1 sn22.94:1.2 sn22.94:1.3 sn22.94:1.4 sn22.94:1.5,285,309,377,360
sn22.94:3,SN,sn22.94,5,sn22.94:3.1 sn22.94:3.2 sn22.94:3.3 sn22.94:3.4 sn22.94:3.5,394,283,498,515
sn22.94:4,SN,sn22.94,2,sn22.94:4.1 sn22.94:4.2,182,181,257,223
sn22.94:7,SN,sn22.94,1,sn22.94:7.1,242,109,113,176
sn22.95:1,SN,sn22.95,2,sn22.95:1.1 sn22.95:1.2,99,125,127,139
sn22.95:10,SN,sn22.95,4,sn22.95:10.1 sn22.95:10.2 sn22.95:10.3 sn22.95:10.4,97,118,109,115
sn22.95:11,SN,sn22.95,4,sn22.95:11.1 sn22.95:11.2 sn22.95:11.3 sn22.95:11.4,99,123,130,133
sn22.95:12,SN,sn22.95,4,sn22.95:12.1 sn22.95:12.2 sn22.95:12.3 sn22.95:12.4,91,112,121,135
sn22.95:13,SN,sn22.95,4,sn22.95:13.1 sn22.95:13.2 sn22.95:13.3 sn22.95:13.4,87,118,120,120
sn22.95:2,SN,sn22.95,2,sn22.95:2.1 sn22.95:2.2,593,611,659,608
sn22.95:3,SN,sn22.95,2,sn22.95:3.1 sn22.95:3.2,641,550,711,683
sn22.95:4,SN,sn22.95,2,sn22.95:4.1 sn22.95:4.2,342,522,665,635
sn22.95:5,SN,sn22.95,2,sn22.95:5.1 sn22.95:5.2,881,787,1047,993
sn22.95:6,SN,sn22.95,2,sn22.95:6.1 sn22.95:6.2,611,641,705,659
sn22.95:7,SN,sn22.95,3,sn22.95:7.1 sn22.95:7.2 sn22.95:7.3,245,306,321,522
sn22.95:9,SN,sn22.95,6,sn22.95:9.1 sn22.95:9.2 sn22.95:9.3 sn22.95:9.4 sn22.95:9.5 sn22.95:9.6,133,192,176,192
sn22.96:1,SN,sn22.96,12,sn22.96:1.1 sn22.96:1.2 sn22.96:1.3 sn22.96:1.4 sn22.96:1.5 sn22.96:1.6 sn22.96:1.7 sn22.96:1.8 sn22.96:1.9 sn22.96:1.10 sn22.96:1.11 sn22.96:1.12,894,624,623,1192
sn22.96:2,SN,sn22.96,4,sn22.96:2.1 sn22.96:2.2 sn22.96:2.3 sn22.96:2.4,500,418,764,669
sn22.96:3,SN,sn22.96,14,sn22.96:3.1 sn22.96:3.2 sn22.96:3.3 sn22.96:3.4 sn22.96:3.5 sn22.96:3.6 sn22.96:3.7 sn22.96:3.8 sn22.96:3.9 sn22.96:3.10 sn22.96:3.11 sn22.96:3.12 sn22.96:3.13 sn22.96:3.14,1863,1317,1507,1450
sn22.97:2,SN,sn22.97,4,sn22.97:2.1 sn22.97:2.2 sn22.97:2.3 sn22.97:2.4,478,433,706,623
sn35.101:4,SN,sn35.101,3,sn35.101:4.1 sn35.101:4.2 sn35.101:4.3,212,241,235,249
sn35.116:2,SN,sn35.116,4,sn35.116:2.1 sn35.116:2.2 sn35.116:2.3 sn35.116:2.4,377,283,300,336
sn35.116:3,SN,sn35.116,2,sn35.116:3.1 sn35.116:3.2,235,196,275,211
sn35.116:5,SN,sn35.116,6,sn35.116:5.1 sn35.116:5.2 sn35.116:5.3 sn35.116:5.4 sn35.116:5.5 sn35.116:5.6,622,861,787,853
sn35.116:6,SN,sn35.116,7,sn35.116:6.1 sn35.116:6.2 sn35.116:6.3 sn35.116:6.4 sn35.116:6.5 sn35.116:6.6 sn35.116:6.7,570,679,642,774
sn35.116:7,SN,sn35.116,3,sn35.116:7.1 sn35.116:7.2 sn35.116:7.3,150,105,142,135
sn35.116:9,SN,sn35.116,1,sn35.116:9.1,218,160,275,235
sn35.117:1,SN,sn35.117,10,sn35.117:1.1 sn35.117:1.2 sn35.117:1.3 sn35.117:1.4 sn35.117:1.5 sn35.117:1.6 sn35.117:1.7 sn35.117:1.8 sn35.117:1.9 sn35.117:1.10,1093,1258,1815,1565
sn35.118:1,SN,sn35.118,4,sn35.118:1.1 sn35.118:1.2 sn35.118:1.3 sn35.118:1.4,422,402,391,390
sn35.118:2,SN,sn35.118,4,sn35.118:2.1 sn35.118:2.2 sn35.118:2.3 sn35.118:2.4,304,318,395,334
sn35.118:3,SN,sn35.118,6,sn35.118:3.1 sn35.118:3.2 sn35.118:3.3 sn35.118:3.4 sn35.118:3.5 sn35.118:3.6,448,449,645,486
sn35.118:4,SN,sn35.118,4,sn35.118:4.1 sn35.118:4.2 sn35.118:4.3 sn35.118:4.4,319,303,424,359
sn35.127:1,SN,sn35.127,7,sn35.127:1.1 sn35.127:1.2 sn35.127:1.3 sn35.127:1.4 sn35.127:1.5 sn35.127:1.6 sn35.127:1.7,1017,1084,1348,1111
sn35.127:2,SN,sn35.127,3,sn35.127:2.1 sn35.127:2.2 sn35.127:2.3,290,283,370,402
sn35.127:3,SN,sn35.127,8,sn35.127:3.1 sn35.127:3.2 sn35.127:3.3 sn35.127:3.4 sn35.127:3.5 sn35.127:3.6 sn35.127:3.7 sn35.127:3.8,1000,1168,1432,1252
sn35.127:4,SN,sn35.127,11,sn35.127:4.1 sn35.127:4.2 sn35.127:4.3 sn35.127:4.4 sn35.127:4.5 sn35.127:4.6 sn35.127:4.7 sn35.127:4.8 sn35.127:4.9 sn35.127:4.10 sn35.127:4.11,1018,1132,1291,1092
sn35.136:2,SN,sn35.136,4,sn35.136:2.1 sn35.136:2.2 sn35.136:2.3 sn35.136:2.4,98,155,138,128
sn35.136:3,SN,sn35.136,4,sn35.136:3.1 sn35.136:3.2 sn35.136:3.3 sn35.136:3.4,96,124,105,112
sn35.136:4,SN,sn35.136,4,sn35.136:4.1 sn35.136:4.2 sn35.136:4.3 sn35.136:4.4,93,143,117,131
sn35.136:5,SN,sn35.136,4,sn35.136:5.1 sn35.136:5.2 sn35.136:5.3 sn35.136:5.4,94,128,113,142
sn35.136:6,SN,sn35.136,4,sn35.136:6.1 sn35.136:6.2 sn35.136:6.3 sn35.136:6.4,93,142,151,156
sn35.136:7,SN,sn35.136,4,sn35.136:7.1 sn35.136:7.2 sn35.136:7.3 sn35.136:7.4,91,132,152,143
sn35.136:8,SN,sn35.136,4,sn35.136:8.1 sn35.136:8.2 sn35.136:8.3 sn35.136:8.4,89,162,138,152
sn35.63:1,SN,sn35.63,5,sn35.63:1.1 sn35.63:1.2 sn35.63:1.3 sn35.63:1.4 sn35.63:1.5,253,202,373,289
sn35.69:1,SN,sn35.69,6,sn35.69:1.1 sn35.69:1.2 sn35.69:1.3 sn35.69:1.4 sn35.69:1.5 sn35.69:1.6,340,331,340,401
sn35.74:1,SN,sn35.74,4,sn35.74:1.1 sn35.74:1.2 sn35.74:1.3 sn35.74:1.4,301,232,319,362
sn35.74:12,SN,sn35.74,5,sn35.74:12.1 sn35.74:12.2 sn35.74:12.3 sn35.74:12.4 sn35.74:12.5,204,231,246,266
sn35.74:18,SN,sn35.74,2,sn35.74:18.1 sn35.74:18.2,115,130,133,128
sn35.74:2,SN,sn35.74,9,sn35.74:2.1 sn35.74:2.2 sn35.74:2.3 sn35.74:2.4 sn35.74:2.5 sn35.74:2.6 sn35.74:2.7 sn35.74:2.8 sn35.74:2.9,562,546,655,625
sn35.74:3,SN,sn35.74,1,sn35.74:3.1,137,135,165,200
sn35.75:7,SN,sn35.75,1,sn35.75:7.1,80,123,114,125
sn35.75:8,SN,sn35.75,3,sn35.75:8.1 sn35.75:8.2 sn35.75:8.3,160,186,224,215
sn35.88:1,SN,sn35.88,2,sn35.88:1.1 sn35.88:1.2,271,228,353,278
sn35.88:12,SN,sn35.88,4,sn35.88:12.1 sn35.88:12.2 sn35.88:12.3 sn35.88:12.4,283,216,295,270
sn35.88:14,SN,sn35.88,4,sn35.88:14.1 sn35.88:14.2 sn35.88:14.3 sn35.88:14.4,296,228,308,276
sn35.88:16,SN,sn35.88,4,sn35.88:16.1 sn35.88:16.2 sn35.88:16.3 sn35.88:16.4,347,318,332,375
sn35.88:17,SN,sn35.88,3,sn35.88:17.1 sn35.88:17.2 sn35.88:17.3,158,153,144,169
sn35.88:18,SN,sn35.88,7,sn35.88:18.1 sn35.88:18.2 sn35.88:18.3 sn35.88:18.4 sn35.88:18.5 sn35.88:18.6 sn35.88:18.7,550,559,552,631
sn35.88:19,SN,sn35.88,3,sn35.88:19.1 sn35.88:19.2 sn35.88:19.3,246,199,308,228
sn35.88:4,SN,sn35.88,2,sn35.88:4.1 sn35.88:4.2,158,146,185,172
sn35.88:5,SN,sn35.88,3,sn35.88:5.1 sn35.88:5.2 sn35.88:5.3,194,115,111,114
sn35.88:6,SN,sn35.88,4,sn35.88:6.1 sn35.88:6.2 sn35.88:6.3 sn35.88:6.4,286,221,231,271
sn35.88:8,SN,sn35.88,4,sn35.88:8.1 sn35.88:8.2 sn35.88:8.3 sn35.88:8.4,281,218,227,278
sn35.95:1,SN,sn35.95,2,sn35.95:1.1 sn35.95:1.2,270,202,386,286
sn35.95:10,SN,sn35.95,8,sn35.95:10.1 sn35.95:10.2 sn35.95:10.3 sn35.95:10.4 sn35.95:10.5 sn35.95:10.6 sn35.95:10.7 sn35.95:10.8,605,473,729,801
sn35.95:12,SN,sn35.95,4,sn35.95:12.1 sn35.95:12.2 sn35.95:12.3 sn35.95:12.4,104,151,132,151
sn35.95:13,SN,sn35.95,6,sn35.95:13.1 sn35.95:13.2 sn35.95:13.3 sn35.95:13.4 sn35.95:13.5 sn35.95:13.6,136,169,145,210
sn35.95:14,SN,sn35.95,4,sn35.95:14.1 sn35.95:14.2 sn35.95:14.3 sn35.95:14.4,104,151,114,153
sn35.95:16,SN,sn35.95,4,sn35.95:16.1 sn35.95:16.2 sn35.95:16.3 sn35.95:16.4,106,152,137,154
sn35.95:18,SN,sn35.95,4,sn35.95:18.1 sn35.95:18.2 sn35.95:18.3 sn35.95:18.4,104,152,136,155
sn35.95:2,SN,sn35.95,2,sn35.95:2.1 sn35.95:2.2,163,200,170,200
sn35.95:20,SN,sn35.95,4,sn35.95:20.1 sn35.95:20.2 sn35.95:20.3 sn35.95:20.4,106,152,147,154
sn35.95:22,SN,sn35.95,4,sn35.95:22.1 sn35.95:22.2 sn35.95:22.3 sn35.95:22.4,105,151,134,155
sn35.95:24,SN,sn35.95,4,sn35.95:24.1 sn35.95:24.2 sn35.95:24.3 sn35.95:24.4,94,146,131,160
sn35.95:25,SN,sn35.95,6,sn35.95:25.1 sn35.95:25.2 sn35.95:25.3 sn35.95:25.4 sn35.95:25.5 sn35.95:25.6,140,211,200,206
sn35.95:26,SN,sn35.95,4,sn35.95:26.1 sn35.95:26.2 sn35.95:26.3 sn35.95:26.4,96,147,112,163
sn35.95:27,SN,sn35.95,6,sn35.95:27.1 sn35.95:27.2 sn35.95:27.3 sn35.95:27.4 sn35.95:27.5 sn35.95:27.6,140,212,190,205
sn35.95:28,SN,sn35.95,4,sn35.95:28.1 sn35.95:28.2 sn35.95:28.3 sn35.95:28.4,99,147,104,171
sn35.95:3,SN,sn35.95,2,sn35.95:3.1 sn35.95:3.2,260,264,322,337
sn35.95:30,SN,sn35.95,4,sn35.95:30.1 sn35.95:30.2 sn35.95:30.3 sn35.95:30.4,95,148,104,172
sn35.95:35,SN,sn35.95,6,sn35.95:35.1 sn35.95:35.2 sn35.95:35.3 sn35.95:35.4 sn35.95:35.5 sn35.95:35.6,144,213,199,205
sn35.95:36,SN,sn35.95,3,sn35.95:36.1 sn35.95:36.2 sn35.95:36.3,207,235,220,238
sn35.95:4,SN,sn35.95,3,sn35.95:4.1 sn35.95:4.2 sn35.95:4.3,191,204,239,235
sn35.95:9,SN,sn35.95,2,sn35.95:9.1 sn35.95:9.2,163,124,224,185
sn36.19:12,SN,sn36.19,8,sn36.19:12.1 sn36.19:12.2 sn36.19:12.3 sn36.19:12.4 sn36.19:12.5 sn36.19:12.6 sn36.19:12.7 sn36.19:12.8,478,470,608,554
sn36.19:15,SN,sn36.19,3,sn36.19:15.1 sn36.19:15.2 sn36.19:15.3,262,236,352,305
sn36.19:7,SN,sn36.19,8,sn36.19:7.1 sn36.19:7.2 sn36.19:7.3 sn36.19:7.4 sn36.19:7.5 sn36.19:7.6 sn36.19:7.7 sn36.19:7.8,501,532,610,586
sn36.19:8,SN,sn36.19,8,sn36.19:8.1 sn36.19:8.2 sn36.19:8.3 sn36.19:8.4 sn36.19:8.5 sn36.19:8.6 sn36.19:8.7 sn36.19:8.8,524,564,641,618
sn36.19:9,SN,sn36.19,8,sn36.19:9.1 sn36.19:9.2 sn36.19:9.3 sn36.19:9.4 sn36.19:9.5 sn36.19:9.6 sn36.19:9.7 sn36.19:9.8,562,563,647,653
sn36.21:1,SN,sn36.21,6,sn36.21:1.1 sn36.21:1.2 sn36.21:1.3 sn36.21:1.4 sn36.21:1.5 sn36.21:1.6,508,534,596,590
sn36.21:2,SN,sn36.21,7,sn36.21:2.1 sn36.21:2.2 sn36.21:2.3 sn36.21:2.4 sn36.21:2.5 sn36.21:2.6 sn36.21:2.7,576,406,514,611
sn36.21:4,SN,sn36.21,3,sn36.21:4.1 sn36.21:4.2 sn36.21:4.3,190,215,209,222
sn36.23:1,SN,sn36.23,4,sn36.23:1.1 sn36.23:1.2 sn36.23:1.3 sn36.23:1.4,372,352,469,398
sn36.31:2,SN,sn36.31,4,sn36.31:2.1 sn36.31:2.2 sn36.31:2.3 sn36.31:2.4,375,578,519,524
sn36.31:3,SN,sn36.31,2,sn36.31:3.1 sn36.31:3.2,269,259,345,273
sn36.31:5,SN,sn36.31,5,sn36.31:5.1 sn36.31:5.2 sn36.31:5.3 sn36.31:5.4 sn36.31:5.5,566,838,745,796
sn36.31:6,SN,sn36.31,2,sn36.31:6.1 sn36.31:6.2,289,276,348,279
sn36.31:8,SN,sn36.31,3,sn36.31:8.1 sn36.31:8.2 sn36.31:8.3,271,314,312,329
sn36.31:9,SN,sn36.31,2,sn36.31:9.1 sn36.31:9.2,278,268,354,282
sn36.4:2,SN,sn36.4,4,sn36.4:2.1 sn36.4:2.2 sn36.4:2.3 sn36.4:2.4,88,119,109,121
sn36.4:3,SN,sn36.4,4,sn36.4:3.1 sn36.4:3.2 sn36.4:3.3 sn36.4:3.4,94,104,123,139
sn36.6:2,SN,sn36.6,3,sn36.6:2.1 sn36.6:2.2 sn36.6:2.3,204,207,215,231
sn36.6:4,SN,sn36.6,4,sn36.6:4.1 sn36.6:4.2 sn36.6:4.3 sn36.6:4.4,122,158,139,130
sn36.6:5,SN,sn36.6,4,sn36.6:5.1 sn36.6:5.2 sn36.6:5.3 sn36.6:5.4,128,170,164,174
sn36.7:3,SN,sn36.7,6,sn36.7:3.1 sn36.7:3.2 sn36.7:3.3 sn36.7:3.4 sn36.7:3.5 sn36.7:3.6,352,437,410,461
sn36.7:4,SN,sn36.7,5,sn36.7:4.1 sn36.7:4.2 sn36.7:4.3 sn36.7:4.4 sn36.7:4.5,524,532,536,645
sn36.7:5,SN,sn36.7,9,sn36.7:5.1 sn36.7:5.2 sn36.7:5.3 sn36.7:5.4 sn36.7:5.5 sn36.7:5.6 sn36.7:5.7 sn36.7:5.8 sn36.7:5.9,795,692,910,808
sn36.7:8,SN,sn36.7,8,sn36.7:8.1 sn36.7:8.2 sn36.7:8.3 sn36.7:8.4 sn36.7:8.5 sn36.7:8.6 sn36.7:8.7 sn36.7:8.8,700,963,856,1014
sn4.13:1,SN,sn4.13,7,sn4.13:1.1 sn4.13:1.2 sn4.13:1.3 sn4.13:1.4 sn4.13:1.5 sn4.13:1.6 sn4.13:1.7,510,611,596,663
sn4.13:2,SN,sn4.13,4,sn4.13:2.1 sn4.13:2.2 sn4.13:2.3 sn4.13:2.4,137,166,154,153
sn4.13:3,SN,sn4.13,4,sn4.13:3.1 sn4.13:3.2 sn4.13:3.3 sn4.13:3.4,125,192,159,162
sn4.13:4,SN,sn4.13,4,sn4.13:4.1 sn4.13:4.2 sn4.13:4.3 sn4.13:4.4,129,151,175,189
sn4.13:5,SN,sn4.13,4,sn4.13:5.1 sn4.13:5.2 sn4.13:5.3 sn4.13:5.4,132,201,175,203
sn4.18:1,SN,sn4.18,5,sn4.18:1.1 sn4.18:1.2 sn4.18:1.3 sn4.18:1.4 sn4.18:1.5,385,428,473,456
sn4.18:2,SN,sn4.18,6,sn4.18:2.1 sn4.18:2.2 sn4.18:2.3 sn4.18:2.4 sn4.18:2.5 sn4.18:2.6,433,360,379,403
sn4.19:4,SN,sn4.19,4,sn4.19:4.1 sn4.19:4.2 sn4.19:4.3 sn4.19:4.4,103,123,127,139
sn4.19:5,SN,sn4.19,4,sn4.19:5.1 sn4.19:5.2 sn4.19:5.3 sn4.19:5.4,102,143,120,141
sn4.1:1,SN,sn4.1,6,sn4.1:1.1 sn4.1:1.2 sn4.1:1.3 sn4.1:1.4 sn4.1:1.5 sn4.1:1.6,342,398,482,477
sn4.1:2,SN,sn4.1,1,sn4.1:2.1,135,108,160,151
sn4.1:3,SN,sn4.1,4,sn4.1:3.1 sn4.1:3.2 sn4.1:3.3 sn4.1:3.4,98,167,140,148
sn4.1:6,SN,sn4.1,4,sn4.1:6.1 sn4.1:6.2 sn4.1:6.3 sn4.1:6.4,104,127,143,136
sn4.1:7,SN,sn4.1,1,sn4.1:7.1,101,119,128,137
sn4.20:1,SN,sn4.20,3,sn4.20:1.1 sn4.20:1.2 sn4.20:1.3,246,372,400,419
sn4.20:3,SN,sn4.20,4,sn4.20:3.1 sn4.20:3.2 sn4.20:3.3 sn4.20:3.4,90,131,148,140
sn4.20:4,SN,sn4.20,4,sn4.20:4.1 sn4.20:4.2 sn4.20:4.3 sn4.20:4.4,131,196,151,184
sn4.21:1,SN,sn4.21,12,sn4.21:1.1 sn4.21:1.2 sn4.21:1.3 sn4.21:1.4 sn4.21:1.5 sn4.21:1.6 sn4.21:1.7 sn4.21:1.8 sn4.21:1.9 sn4.21:1.10 sn4.21:1.11 sn4.21:1.12,1008,1346,1290,1351
sn4.24:1,SN,sn4.24,4,sn4.24:1.1 sn4.24:1.2 sn4.24:1.3 sn4.24:1.4,299,329,399,371
sn4.24:10,SN,sn4.24,4,sn4.24:10.1 sn4.24:10.2 sn4.24:10.3 sn4.24:10.4,91,123,118,150
sn4.24:2,SN,sn4.24,5,sn4.24:2.1 sn4.24:2.2 sn4.24:2.3 sn4.24:2.4 sn4.24:2.5,164,252,257,198
sn4.24:3,SN,sn4.24,4,sn4.24:3.1 sn4.24:3.2 sn4.24:3.3 sn4.24:3.4,129,222,193,179
sn4.24:6,SN,sn4.24,4,sn4.24:6.1 sn4.24:6.2 sn4.24:6.3 sn4.24:6.4,95,138,131,147
sn4.24:7,SN,sn4.24,4,sn4.24:7.1 sn4.24:7.2 sn4.24:7.3 sn4.24:7.4,103,141,120,134
sn4.24:8,SN,sn4.24,8,sn4.24:8.1 sn4.24:8.2 sn4.24:8.3 sn4.24:8.4 sn4.24:8.5 sn4.24:8.6 sn4.24:8.7 sn4.24:8.8,860,759,791,886
sn4.24:9,SN,sn4.24,4,sn4.24:9.1 sn4.24:9.2 sn4.24:9.3 sn4.24:9.4,88,149,113,167
sn4.25:10,SN,sn4.25,4,sn4.25:10.1 sn4.25:10.2 sn4.25:10.3 sn4.25:10.4,94,156,136,149
sn4.25:12,SN,sn4.25,2,sn4.25:12.1 sn4.25:12.2,181,154,202,174
sn4.25:14,SN,sn4.25,5,sn4.25:14.1 sn4.25:14.2 sn4.25:14.3 sn4.25:14.4 sn4.25:14.5,166,231,260,225
sn4.25:16,SN,sn4.25,4,sn4.25:16.1 sn4.25:16.2 sn4.25:16.3 sn4.25:16.4,137,217,165,175
sn4.25:17,SN,sn4.25,4,sn4.25:17.1 sn4.25:17.2 sn4.25:17.3 sn4.25:17.4,121,211,196,158
sn4.25:2,SN,sn4.25,6,sn4.25:2.1 sn4.25:2.2 sn4.25:2.3 sn4.25:2.4 sn4.25:2.5 sn4.25:2.6,140,196,161,218
sn4.25:20,SN,sn4.25,4,sn4.25:20.1 sn4.25:20.2 sn4.25:20.3 sn4.25:20.4,138,200,181,186
sn4.25:23,SN,sn4.25,4,sn4.25:23.1 sn4.25:23.2 sn4.25:23.3 sn4.25:23.4,93,122,130,140
sn4.25:24,SN,sn4.25,4,sn4.25:24.1 sn4.25:24.2 sn4.25:24.3 sn4.25:24.4,91,171,131,157
sn4.25:4,SN,sn4.25,3,sn4.25:4.1 sn4.25:4.2 sn4.25:4.3,226,216,255,228
sn4.25:5,SN,sn4.25,6,sn4.25:5.1 sn4.25:5.2 sn4.25:5.3 sn4.25:5.4 sn4.25:5.5 sn4.25:5.6,467,391,483,452
sn4.8:1,SN,sn4.8,3,sn4.8:1.1 sn4.8:1.2 sn4.8:1.3,192,202,206,222
sn4.8:2,SN,sn4.8,4,sn4.8:2.1 sn4.8:2.2 sn4.8:2.3 sn4.8:2.4,117,141,152,153
sn4.8:3,SN,sn4.8,4,sn4.8:3.1 sn4.8:3.2 sn4.8:3.3 sn4.8:3.4,113,150,147,153
sn44.1:1,SN,sn44.1,5,sn44.1:1.1 sn44.1:1.2 sn44.1:1.3 sn44.1:1.4 sn44.1:1.5,529,501,536,560
sn44.1:2,SN,sn44.1,3,sn44.1:2.1 sn44.1:2.2 sn44.1:2.3,362,246,294,274
sn44.1:3,SN,sn44.1,5,sn44.1:3.1 sn44.1:3.2 sn44.1:3.3 sn44.1:3.4 sn44.1:3.5,342,350,383,384
sn44.1:6,SN,sn44.1,14,sn44.1:6.1 sn44.1:6.2 sn44.1:6.3 sn44.1:6.4 sn44.1:6.5 sn44.1:6.6 sn44.1:6.7 sn44.1:6.8 sn44.1:6.9 sn44.1:6.10 sn44.1:6.11 sn44.1:6.12 sn44.1:6.13 sn44.1:6.14,1168,1170,1402,1519
sn44.1:9,SN,sn44.1,5,sn44.1:9.1 sn44.1:9.2 sn44.1:9.3 sn44.1:9.4 sn44.1:9.5,627,657,778,803
sn45.1:2,SN,sn45.1,9,sn45.1:2.1 sn45.1:2.2 sn45.1:2.3 sn45.1:2.4 sn45.1:2.5 sn45.1:2.6 sn45.1:2.7 sn45.1:2.8 sn45.1:2.9,419,461,505,589
sn45.2:1,SN,sn45.2,4,sn45.2:1.1 sn45.2:1.2 sn45.2:1.3 sn45.2:1.4,354,292,399,393
sn45.2:2,SN,sn45.2,3,sn45.2:2.1 sn45.2:2.2 sn45.2:2.3,306,233,277,285
sn45.2:3,SN,sn45.2,10,sn45.2:3.1 sn45.2:3.2 sn45.2:3.3 sn45.2:3.4 sn45.2:3.5 sn45.2:3.6 sn45.2:3.7 sn45.2:3.8 sn45.2:3.9 sn45.2:3.10,660,526,633,599
sn45.4:1,SN,sn45.4,7,sn45.4:1.1 sn45.4:1.2 sn45.4:1.3 sn45.4:1.4 sn45.4:1.5 sn45.4:1.6 sn45.4:1.7,497,493,559,583
sn45.4:10,SN,sn45.4,4,sn45.4:10.1 sn45.4:10.2 sn45.4:10.3 sn45.4:10.4,89,138,114,151
sn45.4:2,SN,sn45.4,1,sn45.4:2.1,228,181,235,202
sn45.4:4,SN,sn45.4,3,sn45.4:4.1 sn45.4:4.2 sn45.4:4.3,184,169,174,192
sn45.4:8,SN,sn45.4,4,sn45.4:8.1 sn45.4:8.2 sn45.4:8.3 sn45.4:8.4,99,145,133,142
sn45.4:9,SN,sn45.4,4,sn45.4:9.1 sn45.4:9.2 sn45.4:9.3 sn45.4:9.4,91,176,139,143
sn45.8:1,SN,sn45.8,5,sn45.8:1.1 sn45.8:1.2 sn45.8:1.3 sn45.8:1.4 sn45.8:1.5,214,185,287,219
sn45.8:3,SN,sn45.8,3,sn45.8:3.1 sn45.8:3.2 sn45.8:3.3,191,190,298,226
sn45.8:4,SN,sn45.8,3,sn45.8:4.1 sn45.8:4.2 sn45.8:4.3,152,123,150,153
sn45.8:5,SN,sn45.8,3,sn45.8:5.1 sn45.8:5.2 sn45.8:5.3,185,120,185,190
sn45.8:6,SN,sn45.8,3,sn45.8:6.1 sn45.8:6.2 sn45.8:6.3,163,123,160,185
sn45.8:7,SN,sn45.8,3,sn45.8:7.1 sn45.8:7.2 sn45.8:7.3,151,158,215,183
sn45.8:8,SN,sn45.8,6,sn45.8:8.1 sn45.8:8.2 sn45.8:8.3 sn45.8:8.4 sn45.8:8.5 sn45.8:8.6,523,671,817,582
sn45.8:9,SN,sn45.8,6,sn45.8:9.1 sn45.8:9.2 sn45.8:9.3 sn45.8:9.4 sn45.8:9.5 sn45.8:9.6,444,585,648,708
sn46.11:1,SN,sn46.11,3,sn46.11:1.1 sn46.11:1.2 sn46.11:1.3,332,320,393,355
sn46.14:1,SN,sn46.14,3,sn46.14:1.1 sn46.14:1.2 sn46.14:1.3,346,359,419,388
sn46.14:2,SN,sn46.14,2,sn46.14:2.1 sn46.14:2.2,282,289,371,387
sn46.29:2,SN,sn46.29,3,sn46.29:2.1 sn46.29:2.2 sn46.29:2.3,275,367,432,435
sn46.30:1,SN,sn46.30,2,sn46.30:1.1 sn46.30:1.2,183,169,274,186
sn46.30:2,SN,sn46.30,10,sn46.30:2.1 sn46.30:2.2 sn46.30:2.3 sn46.30:2.4 sn46.30:2.5 sn46.30:2.6 sn46.30:2.7 sn46.30:2.8 sn46.30:2.9 sn46.30:2.10,518,649,640,693
sn46.30:3,SN,sn46.30,4,sn46.30:3.1 sn46.30:3.2 sn46.30:3.3 sn46.30:3.4,527,583,635,792
sn46.38:1,SN,sn46.38,1,sn46.38:1.1,223,241,257,296
sn46.3:1,SN,sn46.3,9,sn46.3:1.1 sn46.3:1.2 sn46.3:1.3 sn46.3:1.4 sn46.3:1.5 sn46.3:1.6 sn46.3:1.7 sn46.3:1.8 sn46.3:1.9,711,476,578,629
sn46.3:2,SN,sn46.3,4,sn46.3:2.1 sn46.3:2.2 sn46.3:2.3 sn46.3:2.4,361,220,329,380
sn46.51:20,SN,sn46.51,4,sn46.51:20.1 sn46.51:20.2 sn46.51:20.3 sn46.51:20.4,342,336,433,553
sn46.51:21,SN,sn46.51,4,sn46.51:21.1 sn46.51:21.2 sn46.51:21.3 sn46.51:21.4,325,344,415,549
sn46.51:22,SN,sn46.51,4,sn46.51:22.1 sn46.51:22.2 sn46.51:22.3 sn46.51:22.4,344,331,361,546
sn46.51:23,SN,sn46.51,4,sn46.51:23.1 sn46.51:23.2 sn46.51:23.3 sn46.51:23.4,337,355,416,554
sn46.52:1,SN,sn46.52,4,sn46.52:1.1 sn46.52:1.2 sn46.52:1.3 sn46.52:1.4,267,257,294,247
sn46.52:10,SN,sn46.52,3,sn46.52:10.1 sn46.52:10.2 sn46.52:10.3,298,326,394,432
sn46.52:11,SN,sn46.52,2,sn46.52:11.1 sn46.52:11.2,327,383,479,475
sn46.52:12,SN,sn46.52,2,sn46.52:12.1 sn46.52:12.2,204,204,253,267
sn46.52:13,SN,sn46.52,2,sn46.52:13.1 sn46.52:13.2,208,292,311,327
sn46.52:14,SN,sn46.52,2,sn46.52:14.1 sn46.52:14.2,210,230,218,299
sn46.52:15,SN,sn46.52,2,sn46.52:15.1 sn46.52:15.2,224,302,341,357
sn46.52:2,SN,sn46.52,2,sn46.52:2.1 sn46.52:2.2,282,228,220,233
sn46.52:3,SN,sn46.52,5,sn46.52:3.1 sn46.52:3.2 sn46.52:3.3 sn46.52:3.4 sn46.52:3.5,524,470,757,644
sn46.52:4,SN,sn46.52,4,sn46.52:4.1 sn46.52:4.2 sn46.52:4.3 sn46.52:4.4,444,358,498,546
sn46.52:8,SN,sn46.52,6,sn46.52:8.1 sn46.52:8.2 sn46.52:8.3 sn46.52:8.4 sn46.52:8.5 sn46.52:8.6,556,650,716,692
sn46.52:9,SN,sn46.52,12,sn46.52:9.1 sn46.52:9.2 sn46.52:9.3 sn46.52:9.4 sn46.52:9.5 sn46.52:9.6 sn46.52:9.7 sn46.52:9.8 sn46.52:9.9 sn46.52:9.10 sn46.52:9.11 sn46.52:9.12,1107,1042,1197,1274
sn46.53:10,SN,sn46.53,3,sn46.53:10.1 sn46.53:10.2 sn46.53:10.3,268,211,281,324
sn46.53:11,SN,sn46.53,4,sn46.53:11.1 sn46.53:11.2 sn46.53:11.3 sn46.53:11.4,318,194,224,240
sn46.53:13,SN,sn46.53,3,sn46.53:13.1 sn46.53:13.2 sn46.53:13.3,272,201,266,315
sn46.53:14,SN,sn46.53,4,sn46.53:14.1 sn46.53:14.2 sn46.53:14.3 sn46.53:14.4,305,198,220,242
sn46.53:2,SN,sn46.53,6,sn46.53:2.1 sn46.53:2.2 sn46.53:2.3 sn46.53:2.4 sn46.53:2.5 sn46.53:2.6,534,537,648,639
sn46.53:3,SN,sn46.53,1,sn46.53:3.1,221,279,310,299
sn46.53:4,SN,sn46.53,3,sn46.53:4.1 sn46.53:4.2 sn46.53:4.3,266,204,277,321
sn46.53:5,SN,sn46.53,4,sn46.53:5.1 sn46.53:5.2 sn46.53:5.3 sn46.53:5.4,291,195,252,242
sn46.53:7,SN,sn46.53,3,sn46.53:7.1 sn46.53:7.2 sn46.53:7.3,267,214,282,316
sn46.53:8,SN,sn46.53,4,sn46.53:8.1 sn46.53:8.2 sn46.53:8.3 sn46.53:8.4,290,193,258,242
sn46.54:1,SN,sn46.54,5,sn46.54:1.1 sn46.54:1.2 sn46.54:1.3 sn46.54:1.4 sn46.54:1.5,352,377,416,380
sn46.54:11,SN,sn46.54,9,sn46.54:11.1 sn46.54:11.2 sn46.54:11.3 sn46.54:11.4 sn46.54:11.5 sn46.54:11.6 sn46.54:11.7 sn46.54:11.8 sn46.54:11.9,842,946,1129,1126
sn46.54:12,SN,sn46.54,9,sn46.54:12.1 sn46.54:12.2 sn46.54:12.3 sn46.54:12.4 sn46.54:12.5 sn46.54:12.6 sn46.54:12.7 sn46.54:12.8 sn46.54:12.9,986,1071,1105,1353
sn46.54:13,SN,sn46.54,7,sn46.54:13.1 sn46.54:13.2 sn46.54:13.3 sn46.54:13.4 sn46.54:13.5 sn46.54:13.6 sn46.54:13.7,805,1015,1040,1157
sn46.54:14,SN,sn46.54,7,sn46.54:14.1 sn46.54:14.2 sn46.54:14.3 sn46.54:14.4 sn46.54:14.5 sn46.54:14.6 sn46.54:14.7,760,952,980,1001
sn46.54:3,SN,sn46.54,5,sn46.54:3.1 sn46.54:3.2 sn46.54:3.3 sn46.54:3.4 sn46.54:3.5,1191,1343,1624,1542
sn46.8:1,SN,sn46.8,3,sn46.8:1.1 sn46.8:1.2 sn46.8:1.3,362,330,549,371
sn46.8:2,SN,sn46.8,2,sn46.8:2.1 sn46.8:2.2,272,203,357,247
sn47.10:1,SN,sn47.10,2,sn47.10:1.1 sn47.10:1.2,351,235,335,270
sn47.10:2,SN,sn47.10,4,sn47.10:2.1 sn47.10:2.2 sn47.10:2.3 sn47.10:2.4,353,418,385,443
sn47.10:7,SN,sn47.10,16,sn47.10:7.1 sn47.10:7.2 sn47.10:7.3 sn47.10:7.4 sn47.10:7.5 sn47.10:7.6 sn47.10:7.7 sn47.10:7.8 sn47.10:7.9 sn47.10:7.10 sn47.10:7.11 sn47.10:7.12 sn47.10:7.13 sn47.10:7.14 sn47.10:7.15 sn47.10:7.16,839,987,1003,1025
sn47.10:9,SN,sn47.10,3,sn47.10:9.1 sn47.10:9.2 sn47.10:9.3,323,340,382,401
sn47.13:1,SN,sn47.13,3,sn47.13:1.1 sn47.13:1.2 sn47.13:1.3,239,274,252,257
sn47.13:2,SN,sn47.13,4,sn47.13:2.1 sn47.13:2.2 sn47.13:2.3 sn47.13:2.4,403,343,339,398
sn47.13:3,SN,sn47.13,3,sn47.13:3.1 sn47.13:3.2 sn47.13:3.3,239,147,189,199
sn47.13:4,SN,sn47.13,5,sn47.13:4.1 sn47.13:4.2 sn47.13:4.3 sn47.13:4.4 sn47.13:4.5,446,313,442,492
sn47.19:1,SN,sn47.19,12,sn47.19:1.1 sn47.19:1.2 sn47.19:1.3 sn47.19:1.4 sn47.19:1.5 sn47.19:1.6 sn47.19:1.7 sn47.19:1.8 sn47.19:1.9 sn47.19:1.10 sn47.19:1.11 sn47.19:1.12,1010,1031,1070,1017
sn47.19:2,SN,sn47.19,4,sn47.19:2.1 sn47.19:2.2 sn47.19:2.3 sn47.19:2.4,273,342,389,398
sn47.20:1,SN,sn47.20,6,sn47.20:1.1 sn47.20:1.2 sn47.20:1.3 sn47.20:1.4 sn47.20:1.5 sn47.20:1.6,206,238,246,260
sn47.20:2,SN,sn47.20,11,sn47.20:2.1 sn47.20:2.2 sn47.20:2.3 sn47.20:2.4 sn47.20:2.5 sn47.20:2.6 sn47.20:2.7 sn47.20:2.8 sn47.20:2.9 sn47.20:2.10 sn47.20:2.11,746,895,874,953
sn47.25:1,SN,sn47.25,6,sn47.25:1.1 sn47.25:1.2 sn47.25:1.3 sn47.25:1.4 sn47.25:1.5 sn47.25:1.6,504,566,605,554
sn47.25:2,SN,sn47.25,2,sn47.25:2.1 sn47.25:2.2,241,356,335,349
sn47.29:2,SN,sn47.29,3,sn47.29:2.1 sn47.29:2.2 sn47.29:2.3,502,469,598,596
sn47.29:3,SN,sn47.29,6,sn47.29:3.1 sn47.29:3.2 sn47.29:3.3 sn47.29:3.4 sn47.29:3.5 sn47.29:3.6,294,328,372,416
sn47.33:1,SN,sn47.33,2,sn47.33:1.1 sn47.33:1.2,216,282,331,304
sn47.37:1,SN,sn47.37,5,sn47.37:1.1 sn47.37:1.2 sn47.37:1.3 sn47.37:1.4 sn47.37:1.5,273,331,375,412
sn47.37:2,SN,sn47.37,3,sn47.37:2.1 sn47.37:2.2 sn47.37:2.3,205,230,284,338
sn47.37:3,SN,sn47.37,3,sn47.37:3.1 sn47.37:3.2 sn47.37:3.3,197,230,276,318
sn47.38:1,SN,sn47.38,5,sn47.38:1.1 sn47.38:1.2 sn47.38:1.3 sn47.38:1.4 sn47.38:1.5,266,349,368,405
sn47.38:2,SN,sn47.38,3,sn47.38:2.1 sn47.38:2.2 sn47.38:2.3,203,249,278,318
sn47.38:3,SN,sn47.38,3,sn47.38:3.1 sn47.38:3.2 sn47.38:3.3,194,248,269,292
sn47.40:1,SN,sn47.40,8,sn47.40:1.1 sn47.40:1.2 sn47.40:1.3 sn47.40:1.4 sn47.40:1.5 sn47.40:1.6 sn47.40:1.7 sn47.40:1.8,469,549,588,689
sn47.40:2,SN,sn47.40,6,sn47.40:2.1 sn47.40:2.2 sn47.40:2.3 sn47.40:2.4 sn47.40:2.5 sn47.40:2.6,566,525,978,910
sn47.4:1,SN,sn47.4,2,sn47.4:1.1 sn47.4:1.2,112,141,130,146
sn47.4:2,SN,sn47.4,6,sn47.4:2.1 sn47.4:2.2 sn47.4:2.3 sn47.4:2.4 sn47.4:2.5 sn47.4:2.6,741,852,911,972
sn47.4:3,SN,sn47.4,4,sn47.4:3.1 sn47.4:3.2 sn47.4:3.3 sn47.4:3.4,581,797,771,947
sn47.4:4,SN,sn47.4,4,sn47.4:4.1 sn47.4:4.2 sn47.4:4.3 sn47.4:4.4,632,885,914,941
sn47.6:1,SN,sn47.6,8,sn47.6:1.1 sn47.6:1.2 sn47.6:1.3 sn47.6:1.4 sn47.6:1.5 sn47.6:1.6 sn47.6:1.7 sn47.6:1.8,605,642,637,672
sn47.6:2,SN,sn47.6,6,sn47.6:2.1 sn47.6:2.2 sn47.6:2.3 sn47.6:2.4 sn47.6:2.5 sn47.6:2.6,569,523,637,576
sn47.6:3,SN,sn47.6,11,sn47.6:3.1 sn47.6:3.2 sn47.6:3.3 sn47.6:3.4 sn47.6:3.5 sn47.6:3.6 sn47.6:3.7 sn47.6:3.8 sn47.6:3.9 sn47.6:3.10 sn47.6:3.11,504,683,756,716
sn47.7:1,SN,sn47.7,4,sn47.7:1.1 sn47.7:1.2 sn47.7:1.3 sn47.7:1.4,398,339,384,375
sn47.8:2,SN,sn47.8,3,sn47.8:2.1 sn47.8:2.2 sn47.8:2.3,614,357,497,585
sn47.8:4,SN,sn47.8,3,sn47.8:4.1 sn47.8:4.2 sn47.8:4.3,241,213,199,274
sn47.8:5,SN,sn47.8,2,sn47.8:5.1 sn47.8:5.2,232,208,237,181
sn5.10:1,SN,sn5.10,5,sn5.10:1.1 sn5.10:1.2 sn5.10:1.3 sn5.10:1.4 sn5.10:1.5,490,496,560,561
sn5.10:2,SN,sn5.10,4,sn5.10:2.1 sn5.10:2.2 sn5.10:2.3 sn5.10:2.4,100,111,144,127
sn5.10:3,SN,sn5.10,5,sn5.10:3.1 sn5.10:3.2 sn5.10:3.3 sn5.10:3.4 sn5.10:3.5,351,307,383,400
sn5.10:4,SN,sn5.10,4,sn5.10:4.1 sn5.10:4.2 sn5.10:4.3 sn5.10:4.4,101,170,133,130
sn5.10:5,SN,sn5.10,4,sn5.10:5.1 sn5.10:5.2 sn5.10:5.3 sn5.10:5.4,94,142,141,131
sn5.10:6,SN,sn5.10,4,sn5.10:6.1 sn5.10:6.2 sn5.10:6.3 sn5.10:6.4,108,138,131,142
sn5.1:1,SN,sn5.1,5,sn5.1:1.1 sn5.1:1.2 sn5.1:1.3 sn5.1:1.4 sn5.1:1.5,497,523,566,555
sn5.1:2,SN,sn5.1,4,sn5.1:2.1 sn5.1:2.2 sn5.1:2.3 sn5.1:2.4,95,118,136,136
sn5.1:3,SN,sn5.1,5,sn5.1:3.1 sn5.1:3.2 sn5.1:3.3 sn5.1:3.4 sn5.1:3.5,352,309,380,397
sn5.1:4,SN,sn5.1,4,sn5.1:4.1 sn5.1:4.2 sn5.1:4.3 sn5.1:4.4,99,152,125,139
sn5.1:5,SN,sn5.1,4,sn5.1:5.1 sn5.1:5.2 sn5.1:5.3 sn5.1:5.4,96,146,138,147
sn5.1:6,SN,sn5.1,1,sn5.1:6.1,91,101,100,115
sn5.2:2,SN,sn5.2,4,sn5.2:2.1 sn5.2:2.2 sn5.2:2.3 sn5.2:2.4,104,123,125,128
sn5.2:4,SN,sn5.2,4,sn5.2:4.1 sn5.2:4.2 sn5.2:4.3 sn5.2:4.4,95,125,143,137
sn5.2:5,SN,sn5.2,4,sn5.2:5.1 sn5.2:5.2 sn5.2:5.3 sn5.2:5.4,97,120,104,111
sn5.3:2,SN,sn5.3,4,sn5.3:2.1 sn5.3:2.2 sn5.3:2.3 sn5.3:2.4,93,127,102,137
sn5.3:3,SN,sn5.3,4,sn5.3:3.1 sn5.3:3.2 sn5.3:3.3 sn5.3:3.4,263,233,300,303
sn5.3:5,SN,sn5.3,4,sn5.3:5.1 sn5.3:5.2 sn5.3:5.3 sn5.3:5.4,89,126,152,137
sn5.3:6,SN,sn5.3,4,sn5.3:6.1 sn5.3:6.2 sn5.3:6.3 sn5.3:6.4,94,146,131,148
sn5.3:7,SN,sn5.3,1,sn5.3:7.1,94,104,104,118
sn5.4:1,SN,sn5.4,4,sn5.4:1.1 sn5.4:1.2 sn5.4:1.3 sn5.4:1.4,320,295,351,313
sn5.4:2,SN,sn5.4,4,sn5.4:2.1 sn5.4:2.2 sn5.4:2.3 sn5.4:2.4,91,125,117,137
sn5.4:4,SN,sn5.4,4,sn5.4:4.1 sn5.4:4.2 sn5.4:4.3 sn5.4:4.4,96,128,106,127
sn5.4:5,SN,sn5.4,4,sn5.4:5.1 sn5.4:5.2 sn5.4:5.3 sn5.4:5.4,83,116,102,116
sn5.4:6,SN,sn5.4,4,sn5.4:6.1 sn5.4:6.2 sn5.4:6.3 sn5.4:6.4,95,155,135,153
sn5.5:1,SN,sn5.5,4,sn5.5:1.1 sn5.5:1.2 sn5.5:1.3 sn5.5:1.4,343,301,299,317
sn5.5:2,SN,sn5.5,4,sn5.5:2.1 sn5.5:2.2 sn5.5:2.3 sn5.5:2.4,137,173,178,175
sn5.5:4,SN,sn5.5,4,sn5.5:4.1 sn5.5:4.2 sn5.5:4.3 sn5.5:4.4,122,128,159,136
sn5.5:6,SN,sn5.5,4,sn5.5:6.1 sn5.5:6.2 sn5.5:6.3 sn5.5:6.4,96,140,132,132
sn5.5:7,SN,sn5.5,1,sn5.5:7.1,95,105,104,119
sn5.6:2,SN,sn5.6,4,sn5.6:2.1 sn5.6:2.2 sn5.6:2.3 sn5.6:2.4,101,158,139,145
sn5.6:3,SN,sn5.6,4,sn5.6:3.1 sn5.6:3.2 sn5.6:3.3 sn5.6:3.4,100,148,143,140
sn5.6:4,SN,sn5.6,4,sn5.6:4.1 sn5.6:4.2 sn5.6:4.3 sn5.6:4.4,92,118,127,129
sn5.6:5,SN,sn5.6,4,sn5.6:5.1 sn5.6:5.2 sn5.6:5.3 sn5.6:5.4,93,144,127,149
sn5.7:1,SN,sn5.7,6,sn5.7:1.1 sn5.7:1.2 sn5.7:1.3 sn5.7:1.4 sn5.7:1.5 sn5.7:1.6,321,260,228,287
sn5.7:2,SN,sn5.7,6,sn5.7:2.1 sn5.7:2.2 sn5.7:2.3 sn5.7:2.4 sn5.7:2.5 sn5.7:2.6,140,232,157,192
sn5.7:3,SN,sn5.7,6,sn5.7:3.1 sn5.7:3.2 sn5.7:3.3 sn5.7:3.4 sn5.7:3.5 sn5.7:3.6,133,238,189,215
sn5.7:4,SN,sn5.7,4,sn5.7:4.1 sn5.7:4.2 sn5.7:4.3 sn5.7:4.4,89,109,129,102
sn5.7:5,SN,sn5.7,4,sn5.7:5.1 sn5.7:5.2 sn5.7:5.3 sn5.7:5.4,94,120,139,142
sn5.7:6,SN,sn5.7,1,sn5.7:6.1,91,101,100,114
sn5.8:1,SN,sn5.8,6,sn5.8:1.1 sn5.8:1.2 sn5.8:1.3 sn5.8:1.4 sn5.8:1.5 sn5.8:1.6,332,261,233,292
sn5.8:2,SN,sn5.8,4,sn5.8:2.1 sn5.8:2.2 sn5.8:2.3 sn5.8:2.4,97,133,147,139
sn5.8:3,SN,sn5.8,4,sn5.8:3.1 sn5.8:3.2 sn5.8:3.3 sn5.8:3.4,96,134,121,142
sn5.8:5,SN,sn5.8,6,sn5.8:5.1 sn5.8:5.2 sn5.8:5.3 sn5.8:5.4 sn5.8:5.5 sn5.8:5.6,153,208,208,209
sn5.9:2,SN,sn5.9,4,sn5.9:2.1 sn5.9:2.2 sn5.9:2.3 sn5.9:2.4,105,104,134,130
sn5.9:4,SN,sn5.9,4,sn5.9:4.1 sn5.9:4.2 sn5.9:4.3 sn5.9:4.4,103,140,132,151
sn5.9:6,SN,sn5.9,4,sn5.9:6.1 sn5.9:6.2 sn5.9:6.3 sn5.9:6.4,98,142,134,157
sn56.11:1,SN,sn56.11,2,sn56.11:1.1 sn56.11:1.2,112,139,150,159
sn56.11:10,SN,sn56.11,5,sn56.11:10.1 sn56.11:10.2 sn56.11:10.3 sn56.11:10.4 sn56.11:10.5,466,522,585,615
sn56.11:11,SN,sn56.11,2,sn56.11:11.1 sn56.11:11.2,162,166,172,193
sn56.11:13,SN,sn56.11,2,sn56.11:13.1 sn56.11:13.2,218,252,242,268
sn56.11:2,SN,sn56.11,4,sn56.11:2.1 sn56.11:2.2 sn56.11:2.3 sn56.11:2.4,372,453,478,538
sn56.11:3,SN,sn56.11,4,sn56.11:3.1 sn56.11:3.2 sn56.11:3.3 sn56.11:3.4,435,360,497,519
sn56.11:4,SN,sn56.11,10,sn56.11:4.1 sn56.11:4.2 sn56.11:4.3 sn56.11:4.4 sn56.11:4.5 sn56.11:4.6 sn56.11:4.7 sn56.11:4.8 sn56.11:4.9 sn56.11:4.10,685,1068,1036,1087
sn56.11:5,SN,sn56.11,3,sn56.11:5.1 sn56.11:5.2 sn56.11:5.3,409,382,410,535
sn56.11:6,SN,sn56.11,3,sn56.11:6.1 sn56.11:6.2 sn56.11:6.3,429,304,461,563
sn56.11:7,SN,sn56.11,3,sn56.11:7.1 sn56.11:7.2 sn56.11:7.3,434,313,453,570
sn56.11:8,SN,sn56.11,3,sn56.11:8.1 sn56.11:8.2 sn56.11:8.3,470,490,548,629
sn56.11:9,SN,sn56.11,1,sn56.11:9.1,289,303,364,368
sn56.20:1,SN,sn56.20,7,sn56.20:1.1 sn56.20:1.2 sn56.20:1.3 sn56.20:1.4 sn56.20:1.5 sn56.20:1.6 sn56.20:1.7,420,303,474,467
sn56.26:1,SN,sn56.26,1,sn56.26:1.1,213,221,260,253
sn56.26:2,SN,sn56.26,3,sn56.26:2.1 sn56.26:2.2 sn56.26:2.3,379,366,477,356
sn56.27:1,SN,sn56.27,5,sn56.27:1.1 sn56.27:1.2 sn56.27:1.3 sn56.27:1.4 sn56.27:1.5,288,309,359,355
sn56.28:1,SN,sn56.28,5,sn56.28:1.1 sn56.28:1.2 sn56.28:1.3 sn56.28:1.4 sn56.28:1.5,308,404,456,437
sn56.30:1,SN,sn56.30,3,sn56.30:1.1 sn56.30:1.2 sn56.30:1.3,364,405,441,442
sn56.31:1,SN,sn56.31,11,sn56.31:1.1 sn56.31:1.2 sn56.31:1.3 sn56.31:1.4 sn56.31:1.5 sn56.31:1.6 sn56.31:1.7 sn56.31:1.8 sn56.31:1.9 sn56.31:1.10 sn56.31:1.11,709,770,824,874
sn56.31:2,SN,sn56.31,2,sn56.31:2.1 sn56.31:2.2,208,208,205,245
sn56.31:3,SN,sn56.31,3,sn56.31:3.1 sn56.31:3.2 sn56.31:3.3,210,242,275,257
sn56.35:1,SN,sn56.35,4,sn56.35:1.1 sn56.35:1.2 sn56.35:1.3 sn56.35:1.4,405,412,445,605
sn56.35:2,SN,sn56.35,9,sn56.35:2.1 sn56.35:2.2 sn56.35:2.3 sn56.35:2.4 sn56.35:2.5 sn56.35:2.6 sn56.35:2.7 sn56.35:2.8 sn56.35:2.9,527,487,694,584
sn56.36:1,SN,sn56.36,4,sn56.36:1.1 sn56.36:1.2 sn56.36:1.3 sn56.36:1.4,406,394,468,424
sn56.36:2,SN,sn56.36,6,sn56.36:2.1 sn56.36:2.2 sn56.36:2.3 sn56.36:2.4 sn56.36:2.5 sn56.36:2.6,436,550,567,504
sn56.42:1,SN,sn56.42,10,sn56.42:1.1 sn56.42:1.2 sn56.42:1.3 sn56.42:1.4 sn56.42:1.5 sn56.42:1.6 sn56.42:1.7 sn56.42:1.8 sn56.42:1.9 sn56.42:1.10,630,505,600,615
sn56.42:2,SN,sn56.42,7,sn56.42:2.1 sn56.42:2.2 sn56.42:2.3 sn56.42:2.4 sn56.42:2.5 sn56.42:2.6 sn56.42:2.7,1420,726,1224,1358
sn56.45:1,SN,sn56.45,6,sn56.45:1.1 sn56.45:1.2 sn56.45:1.3 sn56.45:1.4 sn56.45:1.5 sn56.45:1.6,521,568,658,647
sn56.45:3,SN,sn56.45,5,sn56.45:3.1 sn56.45:3.2 sn56.45:3.3 sn56.45:3.4 sn56.45:3.5,525,510,642,569
sn56.46:1,SN,sn56.46,1,sn56.46:1.1,163,170,184,176
sn56.46:2,SN,sn56.46,4,sn56.46:2.1 sn56.46:2.2 sn56.46:2.3 sn56.46:2.4,303,210,248,258
sn56.48:1,SN,sn56.48,7,sn56.48:1.1 sn56.48:1.2 sn56.48:1.3 sn56.48:1.4 sn56.48:1.5 sn56.48:1.6 sn56.48:1.7,655,490,721,700
sn56.48:2,SN,sn56.48,4,sn56.48:2.1 sn56.48:2.2 sn56.48:2.3 sn56.48:2.4,358,510,452,445
